fold,species,species_slug,family,y_true,y_pred,residual
loso::abies_alba,Abies alba,abies_alba,Pinaceae,3.68221723622716,4.2206444892238375,-0.5384272529966774
loso::abies_grandis,Abies grandis,abies_grandis,Pinaceae,3.82882669123371,4.589066394398145,-0.760239703164435
loso::abies_lasiocarpa,Abies lasiocarpa,abies_lasiocarpa,Pinaceae,3.24396293653831,3.145322186848877,0.09864074968943282
loso::abutilon_theophrasti,Abutilon theophrasti,abutilon_theophrasti,Malvaceae,6.25291136706699,4.149396766257133,2.1035146008098575
loso::acacia_mearnsii,Acacia mearnsii,acacia_mearnsii,Leguminosae,7.6467553713581,5.389801581669648,2.2569537896884517
loso::acer_campestre,Acer campestre,acer_campestre,Sapindaceae,4.98177019848305,5.157976875944693,-0.17620667746164376
loso::acer_monspessulanum,Acer monspessulanum,acer_monspessulanum,Sapindaceae,7.08946542850455,6.427247901821467,0.662217526683083
loso::acer_rubrum,Acer rubrum,acer_rubrum,Sapindaceae,4.63464105978553,6.087347575628464,-1.4527065158429346
loso::acer_saccharinum,Acer saccharinum,acer_saccharinum,Sapindaceae,4.96390274297442,5.018386654369947,-0.05448391139552733
loso::acer_saccharum,Acer saccharum,acer_saccharum,Sapindaceae,5.49927470980683,5.217429330810768,0.28184537899606177
loso::achillea_leptophylla,Achillea leptophylla,achillea_leptophylla,Compositae,4.87289251985715,5.158195402665898,-0.2853028828087476
loso::achillea_millefolium,Achillea millefolium,achillea_millefolium,Compositae,3.84670144046444,4.491659363204017,-0.6449579227395774
loso::actaea_spicata,Actaea spicata,actaea_spicata,Ranunculaceae,3.5958652300955,3.89150869457491,-0.29564346447941015
loso::aegilops_geniculata,Aegilops geniculata,aegilops_geniculata,Poaceae,6.51664197620805,5.527725924209264,0.9889160519987863
loso::aegopodium_podagraria,Aegopodium podagraria,aegopodium_podagraria,Apiaceae,3.94762838231401,3.5459655363820963,0.4016628459319138
loso::agrimonia_eupatoria,Agrimonia eupatoria,agrimonia_eupatoria,Rosaceae,4.687923070927,5.228271337384358,-0.5403482664573582
loso::agropyron_cristatum,Agropyron cristatum,agropyron_cristatum,Poaceae,5.7552865825384,4.342059447076484,1.4132271354619155
loso::agropyron_desertorum,Agropyron desertorum,agropyron_desertorum,Poaceae,5.27624570066378,5.610047430415337,-0.3338017297515572
loso::agrostis_canina,Agrostis canina,agrostis_canina,Poaceae,3.24396293653831,3.632503553396463,-0.38854061685815333
loso::agrostis_hyemalis,Agrostis hyemalis,agrostis_hyemalis,Poaceae,4.54983100753169,2.7275148049860043,1.8223162025456858
loso::agrostis_scabra,Agrostis scabra,agrostis_scabra,Poaceae,4.23434858598335,3.317452061938456,0.9168965240448936
loso::agrostis_stolonifera,Agrostis stolonifera,agrostis_stolonifera,Poaceae,4.05220806201361,4.287428640128158,-0.23522057811454822
loso::agrostis_vinealis,Agrostis vinealis,agrostis_vinealis,Poaceae,3.71327103312103,2.4957165966928216,1.2175544364282085
loso::aira_caryophyllea,Aira caryophyllea,aira_caryophyllea,Poaceae,4.68265970621453,4.9065568285158605,-0.22389712230133085
loso::alchemilla_glaucescens,Alchemilla glaucescens,alchemilla_glaucescens,Rosaceae,3.06707537921134,3.735787995295525,-0.6687126160841848
loso::alchemilla_monticola,Alchemilla monticola,alchemilla_monticola,Rosaceae,3.01231528759293,3.6946899329097134,-0.6823746453167834
loso::alchemilla_xanthochlora,Alchemilla xanthochlora,alchemilla_xanthochlora,Rosaceae,3.00533731014123,3.733215057531174,-0.727877747389944
loso::alliaria_petiolata,Alliaria petiolata,alliaria_petiolata,Brassicaceae,4.4335955171257,4.449139420236731,-0.015543903111031376
loso::allium_senescens,Allium senescens,allium_senescens,Amaryllidaceae,5.05255034701626,3.4857764334833843,1.566773913532876
loso::allium_sphaerocephalon,Allium sphaerocephalon,allium_sphaerocephalon,Amaryllidaceae,5.76934590080288,5.240641620733074,0.5287042800698059
loso::alnus_cordata,Alnus cordata,alnus_cordata,Betulaceae,4.96027300154275,5.183216719124742,-0.22294371758199194
loso::alnus_glutinosa,Alnus glutinosa,alnus_glutinosa,Betulaceae,4.23347366525944,4.3550597576976395,-0.12158609243819996
loso::alnus_incana,Alnus incana,alnus_incana,Betulaceae,2.96783094677317,4.4746522294210385,-1.5068212826478686
loso::alternanthera_pungens,Alternanthera pungens,alternanthera_pungens,Amaranthaceae,5.51011328552915,5.644794976894991,-0.13468169136584063
loso::amaranthus_deflexus,Amaranthus deflexus,amaranthus_deflexus,Amaranthaceae,6.5770805376622,5.126423287491546,1.4506572501706536
loso::amaranthus_hybridus,Amaranthus hybridus,amaranthus_hybridus,Amaranthaceae,5.87252085020722,5.577449016179575,0.29507183402764525
loso::ambrosia_artemisiifolia,Ambrosia artemisiifolia,ambrosia_artemisiifolia,Compositae,5.42983373690823,5.197981614041994,0.23185212286623624
loso::ambrosia_trifida,Ambrosia trifida,ambrosia_trifida,Compositae,5.45183419666929,4.861101034091647,0.5907331625776422
loso::anaphalis_margaritacea,Anaphalis margaritacea,anaphalis_margaritacea,Compositae,4.52766957891616,2.9460282472186794,1.5816413316974804
loso::andromeda_polifolia,Andromeda polifolia,andromeda_polifolia,Ericaceae,2.94350141853316,3.693938258255973,-0.7504368397228132
loso::androsace_septentrionalis,Androsace septentrionalis,androsace_septentrionalis,Primulaceae,4.2368729296879,3.3236314213105285,0.9132415083773715
loso::angelica_archangelica,Angelica archangelica,angelica_archangelica,Apiaceae,3.55528004969088,2.985099770669247,0.570180279021633
loso::angelica_sylvestris,Angelica sylvestris,angelica_sylvestris,Apiaceae,3.96517279502672,4.531965892168185,-0.5667930971414652
loso::antennaria_dioica,Antennaria dioica,antennaria_dioica,Compositae,2.8597573843071,4.317985059494294,-1.458227675187194
loso::anthemis_arvensis,Anthemis arvensis,anthemis_arvensis,Compositae,4.70299766785367,5.829539929847461,-1.1265422619937908
loso::anthemis_cotula,Anthemis cotula,anthemis_cotula,Compositae,4.99294388452134,4.734443606061832,0.2585002784595085
loso::anthemis_cretica,Anthemis cretica,anthemis_cretica,Compositae,4.0312886140917,4.2164606313340345,-0.18517201724233434
loso::anthericum_ramosum,Anthericum ramosum,anthericum_ramosum,Asparagaceae,4.43891339053307,4.4849320381555655,-0.0460186476224953
loso::anthyllis_vulneraria,Anthyllis vulneraria,anthyllis_vulneraria,Leguminosae,4.12825548771676,4.273502284684654,-0.14524679696789455
loso::aphyllanthes_monspeliensis,Aphyllanthes monspeliensis,aphyllanthes_monspeliensis,Asparagaceae,5.79325878168374,4.697455758757667,1.0958030229260727
loso::aquilegia_atrata,Aquilegia atrata,aquilegia_atrata,Ranunculaceae,2.78142744187096,2.496700436021454,0.28472700584950594
loso::arabidopsis_thaliana,Arabidopsis thaliana,arabidopsis_thaliana,Brassicaceae,4.51140980329274,3.268604278607091,1.2428055246856493
loso::arabis_alpina,Arabis alpina,arabis_alpina,Brassicaceae,2.3190270899036,3.36089378770586,-1.0418666978022602
loso::arctium_lappa,Arctium lappa,arctium_lappa,Compositae,4.54425799216056,4.450151998617597,0.09410599354296334
loso::arenaria_aggregata,Arenaria aggregata,arenaria_aggregata,Caryophyllaceae,6.43095384119848,4.389026260077117,2.0419275811213637
loso::arenaria_serpyllifolia,Arenaria serpyllifolia,arenaria_serpyllifolia,Caryophyllaceae,4.22411755072817,4.586011832158524,-0.36189428143035407
loso::aristida_adscensionis,Aristida adscensionis,aristida_adscensionis,Poaceae,8.49672931605781,6.441460577919843,2.0552687381379666
loso::armeria_maritima,Armeria maritima,armeria_maritima,Plumbaginaceae,3.86730155651373,4.446228222181152,-0.5789266656674221
loso::arnica_montana,Arnica montana,arnica_montana,Compositae,3.19293260421072,3.4118121548894065,-0.21887955067868647
loso::arrhenatherum_elatius,Arrhenatherum elatius,arrhenatherum_elatius,Poaceae,4.28147022815983,4.593816068487314,-0.3123458403274837
loso::artemisia_dracunculus,Artemisia dracunculus,artemisia_dracunculus,Compositae,4.97434220148335,4.039125460390238,0.9352167410931118
loso::arum_maculatum,Arum maculatum,arum_maculatum,Araceae,4.58655869310811,4.4740752426394295,0.11248345046868025
loso::aruncus_dioicus,Aruncus dioicus,aruncus_dioicus,Rosaceae,3.6617798531433,3.616301624112504,0.045478229030796236
loso::asclepias_syriaca,Asclepias syriaca,asclepias_syriaca,Apocynaceae,5.37217595075821,5.032323161717467,0.33985278904074345
loso::aster_alpinus,Aster alpinus,aster_alpinus,Compositae,1.69690830959437,2.994473103506036,-1.297564793911666
loso::aster_amellus,Aster amellus,aster_amellus,Compositae,4.37408724070719,4.058155983363549,0.3159312573436406
loso::astragalus_alpinus,Astragalus alpinus,astragalus_alpinus,Leguminosae,1.10764578332273,2.12057149059762,-1.0129257072748898
loso::avena_barbata,Avena barbata,avena_barbata,Poaceae,6.55597382170357,5.071555161092536,1.4844186606110341
loso::avena_fatua,Avena fatua,avena_fatua,Poaceae,4.91458419710423,5.302294308895726,-0.3877101117914954
loso::bartsia_alpina,Bartsia alpina,bartsia_alpina,Orobanchaceae,1.79774828712921,1.7448236332025866,0.05292465392662349
loso::bassia_prostrata,Bassia prostrata,bassia_prostrata,Amaranthaceae,5.96943306616146,5.472982773317654,0.4964502928438055
loso::bassia_scoparia,Bassia scoparia,bassia_scoparia,Amaranthaceae,5.4193864647602,5.504193268688449,-0.0848068039282488
loso::berberis_vulgaris,Berberis vulgaris,berberis_vulgaris,Berberidaceae,4.45195824561395,4.799598610326688,-0.3476403647127384
loso::berteroa_incana,Berteroa incana,berteroa_incana,Brassicaceae,4.48547165968068,4.664584065004317,-0.17911240532363681
loso::berula_erecta,Berula erecta,berula_erecta,Apiaceae,4.40548021340805,5.963677029472759,-1.5581968160647088
loso::betula_alleghaniensis,Betula alleghaniensis,betula_alleghaniensis,Betulaceae,4.89106420272579,4.5516670609322425,0.3393971417935475
loso::betula_pubescens,Betula pubescens,betula_pubescens,Betulaceae,3.09816332570808,4.690471577395427,-1.592308251687347
loso::bidens_frondosa,Bidens frondosa,bidens_frondosa,Compositae,5.07825214481115,4.860250577723754,0.21800156708739582
loso::bidens_tripartita,Bidens tripartita,bidens_tripartita,Compositae,4.36242822640673,5.035015887269036,-0.6725876608623054
loso::blackstonia_perfoliata,Blackstonia perfoliata,blackstonia_perfoliata,Gentianaceae,5.48987650781187,4.492154142776128,0.9977223650357416
loso::blysmus_compressus,Blysmus compressus,blysmus_compressus,Cyperaceae,3.89909382036185,2.3305650983234285,1.5685287220384216
loso::brachypodium_pinnatum,Brachypodium pinnatum,brachypodium_pinnatum,Poaceae,4.30682876260342,4.4109995468328105,-0.10417078422939063
loso::brassica_oleracea,Brassica oleracea,brassica_oleracea,Brassicaceae,5.54055925131764,3.424851689625016,2.1157075616926235
loso::bromus_catharticus,Bromus catharticus,bromus_catharticus,Poaceae,5.93187655184523,4.308100872454213,1.6237756793910165
loso::bromus_hordeaceus,Bromus hordeaceus,bromus_hordeaceus,Poaceae,4.63468323678853,4.32747325761765,0.3072099791708798
loso::bromus_lanceolatus,Bromus lanceolatus,bromus_lanceolatus,Poaceae,6.67813337181127,6.154239532399572,0.5238938394116976
loso::bromus_madritensis,Bromus madritensis,bromus_madritensis,Poaceae,6.2325304667834,6.361134772636532,-0.12860430585313232
loso::bromus_ramosus,Bromus ramosus,bromus_ramosus,Poaceae,4.49248653686113,4.576090828188806,-0.083604291327676
loso::bromus_sterilis,Bromus sterilis,bromus_sterilis,Poaceae,5.00132145542858,5.5388767686818445,-0.5375553132532644
loso::bromus_variegatus,Bromus variegatus,bromus_variegatus,Poaceae,2.51967478749518,2.9095314642421517,-0.3898566767469718
loso::buglossoides_arvensis,Buglossoides arvensis,buglossoides_arvensis,Boraginaceae,4.80237519162181,4.518573085413784,0.28380210620802515
loso::bunias_orientalis,Bunias orientalis,bunias_orientalis,Brassicaceae,4.52976601956487,4.316294305217997,0.2134717143468734
loso::bupleurum_falcatum,Bupleurum falcatum,bupleurum_falcatum,Apiaceae,4.71457923176708,4.785035008171463,-0.07045577640438339
loso::bupleurum_ranunculoides,Bupleurum ranunculoides,bupleurum_ranunculoides,Apiaceae,2.29164903614653,2.5702840606957884,-0.2786350245492586
loso::calamagrostis_arundinacea,Calamagrostis arundinacea,calamagrostis_arundinacea,Poaceae,3.64711122971422,5.281547986000395,-1.634436756286175
loso::calamagrostis_canescens,Calamagrostis canescens,calamagrostis_canescens,Poaceae,4.52490760441505,3.8445367322596504,0.6803708721553998
loso::calamagrostis_epigejos,Calamagrostis epigejos,calamagrostis_epigejos,Poaceae,3.97427395058032,3.780252244237198,0.194021706343122
loso::calamagrostis_varia,Calamagrostis varia,calamagrostis_varia,Poaceae,2.93951542242586,3.736596611554585,-0.7970811891287246
loso::calamagrostis_villosa,Calamagrostis villosa,calamagrostis_villosa,Poaceae,2.67393491648127,3.840541076605807,-1.166606160124537
loso::calla_palustris,Calla palustris,calla_palustris,Araceae,3.84165774901588,4.091061483494574,-0.2494037344786939
loso::caltha_palustris,Caltha palustris,caltha_palustris,Ranunculaceae,3.39981199582277,2.9199759383882347,0.4798360574345355
loso::calystegia_sepium,Calystegia sepium,calystegia_sepium,Convolvulaceae,4.59206664506777,3.8874102151442607,0.7046564299235092
loso::calystegia_soldanella,Calystegia soldanella,calystegia_soldanella,Convolvulaceae,5.3840034712532,4.593232544969933,0.7907709262832672
loso::camelina_microcarpa,Camelina microcarpa,camelina_microcarpa,Brassicaceae,4.88717423124866,4.361290918513213,0.5258833127354468
loso::campanula_barbata,Campanula barbata,campanula_barbata,Campanulaceae,1.34705365307434,2.089796565800532,-0.742742912726192
loso::campanula_glomerata,Campanula glomerata,campanula_glomerata,Campanulaceae,4.07505191493909,4.591840321966666,-0.5167884070275761
loso::campanula_persicifolia,Campanula persicifolia,campanula_persicifolia,Campanulaceae,4.26909438351366,3.1416315848331506,1.1274627986805092
loso::campanula_sibirica,Campanula sibirica,campanula_sibirica,Campanulaceae,5.03768615934525,4.8157998611459565,0.22188629819929329
loso::campanula_spicata,Campanula spicata,campanula_spicata,Campanulaceae,4.79004265210446,4.27925385713615,0.5107887949683096
loso::cannabis_sativa,Cannabis sativa,cannabis_sativa,Cannabaceae,5.27140514515169,6.234171960914794,-0.9627668157631035
loso::capsella_bursa_pastoris,Capsella bursa-pastoris,capsella_bursa_pastoris,Brassicaceae,5.31434935021971,5.221361750435816,0.09298759978389448
loso::cardamine_bellidifolia,Cardamine bellidifolia,cardamine_bellidifolia,Brassicaceae,0.206891021182485,3.3746360773759343,-3.1677450561934495
loso::cardamine_enneaphyllos,Cardamine enneaphyllos,cardamine_enneaphyllos,Brassicaceae,3.70541744719253,3.205086183241283,0.5003312639512467
loso::cardamine_hirsuta,Cardamine hirsuta,cardamine_hirsuta,Brassicaceae,4.75653876285592,4.092874431908592,0.663664330947328
loso::carduus_defloratus,Carduus defloratus,carduus_defloratus,Compositae,3.53708157055004,3.629755776729235,-0.0926742061791952
loso::carduus_nutans,Carduus nutans,carduus_nutans,Compositae,4.26860503094,4.099352589709563,0.16925244123043726
loso::carex_acutiformis,Carex acutiformis,carex_acutiformis,Cyperaceae,4.21307434182724,3.980957848536757,0.23211649329048312
loso::carex_alba,Carex alba,carex_alba,Cyperaceae,3.6546464808569,3.15846224322753,0.4961842376293699
loso::carex_arenaria,Carex arenaria,carex_arenaria,Cyperaceae,4.26347916329423,4.231832620726884,0.031646542567346
loso::carex_atrata,Carex atrata,carex_atrata,Cyperaceae,1.31391447397671,2.0568152621884614,-0.7429007882117515
loso::carex_bigelowii,Carex bigelowii,carex_bigelowii,Cyperaceae,1.45211892854508,1.222047410496943,0.23007151804813697
loso::carex_canescens,Carex canescens,carex_canescens,Cyperaceae,3.34802893644316,4.065686359797606,-0.7176574233544462
loso::carex_curvula,Carex curvula,carex_curvula,Cyperaceae,0.382791539299409,3.0606120802359476,-2.6778205409365388
loso::carex_flacca,Carex flacca,carex_flacca,Cyperaceae,4.25008113841923,4.976611525147265,-0.7265303867280357
loso::carex_flava,Carex flava,carex_flava,Cyperaceae,3.64670713010886,2.9327476367768925,0.7139594933319673
loso::carex_hirta,Carex hirta,carex_hirta,Cyperaceae,4.33419344756848,4.069870008465393,0.2643234391030873
loso::carex_lasiocarpa,Carex lasiocarpa,carex_lasiocarpa,Cyperaceae,3.31270154102938,3.284914081925052,0.027787459104327894
loso::carex_nigra,Carex nigra,carex_nigra,Cyperaceae,3.41372984519113,1.8264075645663163,1.5873222806248137
loso::carex_panicea,Carex panicea,carex_panicea,Cyperaceae,3.718856344749,3.6501138808056104,0.06874246394338979
loso::carex_paniculata,Carex paniculata,carex_paniculata,Cyperaceae,4.08278155404522,4.747864271901627,-0.6650827178564072
loso::carex_riparia,Carex riparia,carex_riparia,Cyperaceae,4.67125534919832,2.816662825766925,1.8545925234313954
loso::carex_saxatilis,Carex saxatilis,carex_saxatilis,Cyperaceae,0.55745763991137,2.6601170388502946,-2.1026593989389246
loso::carex_sempervirens,Carex sempervirens,carex_sempervirens,Cyperaceae,1.32121169055519,1.693479449795395,-0.37226775924020505
loso::carex_sylvatica,Carex sylvatica,carex_sylvatica,Cyperaceae,4.08865289910452,3.081438979918489,1.0072139191860314
loso::carex_vaginata,Carex vaginata,carex_vaginata,Cyperaceae,2.01628961806431,4.063580602614133,-2.047290984549823
loso::carex_vulpinoidea,Carex vulpinoidea,carex_vulpinoidea,Cyperaceae,4.50478963966277,4.659940201084547,-0.1551505614217774
loso::carlina_acaulis,Carlina acaulis,carlina_acaulis,Compositae,3.81571364228152,3.7025616855693873,0.11315195671213285
loso::carlina_vulgaris,Carlina vulgaris,carlina_vulgaris,Compositae,4.3382607612943,3.951859634512929,0.3864011267813705
loso::carum_carvi,Carum carvi,carum_carvi,Apiaceae,3.39442657596821,4.1344635926237725,-0.7400370166555623
loso::catapodium_rigidum,Catapodium rigidum,catapodium_rigidum,Poaceae,5.44657109168436,4.943573741994478,0.5029973496898821
loso::celtis_australis,Celtis australis,celtis_australis,Cannabaceae,6.30346899686525,5.807851999009612,0.4956169978556382
loso::celtis_occidentalis,Celtis occidentalis,celtis_occidentalis,Cannabaceae,6.62266157176124,5.033335343316015,1.5893262284452252
loso::centaurea_aspera,Centaurea aspera,centaurea_aspera,Compositae,6.70783698228225,6.055512840603319,0.6523241416789309
loso::centaurea_jacea,Centaurea jacea,centaurea_jacea,Compositae,3.82310451638692,4.817459289007689,-0.9943547726207691
loso::centaurea_nigra,Centaurea nigra,centaurea_nigra,Compositae,3.67581846749432,4.3284910907128165,-0.6526726232184963
loso::centaurea_rhaetica,Centaurea rhaetica,centaurea_rhaetica,Compositae,2.20204248012273,3.2901407581066735,-1.0880982779839434
loso::centaurea_scabiosa,Centaurea scabiosa,centaurea_scabiosa,Compositae,4.24501307176663,4.938907202464568,-0.693894130697938
loso::cerastium_fontanum_subsp_vulgare,Cerastium fontanum subsp. vulgare,cerastium_fontanum_subsp_vulgare,Caryophyllaceae,3.68166282273548,4.17462332229538,-0.4929604995599002
loso::cerastium_glomeratum,Cerastium glomeratum,cerastium_glomeratum,Caryophyllaceae,4.36455563188686,3.553089196170246,0.8114664357166141
loso::cerastium_pumilum,Cerastium pumilum,cerastium_pumilum,Caryophyllaceae,4.47325005269045,5.621306363365988,-1.1480563106755373
loso::cerastium_purpurascens,Cerastium purpurascens,cerastium_purpurascens,Caryophyllaceae,2.51967478749518,2.7249494357993864,-0.2052746483042065
loso::cerastium_semidecandrum,Cerastium semidecandrum,cerastium_semidecandrum,Caryophyllaceae,5.10970962890803,4.458972697514765,0.6507369313932649
loso::ceratophyllum_demersum,Ceratophyllum demersum,ceratophyllum_demersum,Ceratophyllaceae,5.0501945480194,5.332769010395714,-0.28257446237631445
loso::chaerophyllum_hirsutum,Chaerophyllum hirsutum,chaerophyllum_hirsutum,Apiaceae,2.96645495759644,3.2529341539081402,-0.28647919631170016
loso::chaerophyllum_roseum,Chaerophyllum roseum,chaerophyllum_roseum,Apiaceae,2.51967478749518,2.4668426956144405,0.05283209188073945
loso::cheirolophus_sempervirens,Cheirolophus sempervirens,cheirolophus_sempervirens,Compositae,7.08946542850455,5.921547959456486,1.1679174690480636
loso::chelidonium_majus,Chelidonium majus,chelidonium_majus,Papaveraceae,4.44319652133083,4.359040410223314,0.0841561111075162
loso::chondrilla_juncea,Chondrilla juncea,chondrilla_juncea,Compositae,5.5032663900037,5.1015536881951355,0.4017127018085649
loso::chrysosplenium_alternifolium,Chrysosplenium alternifolium,chrysosplenium_alternifolium,Saxifragaceae,3.15885149796886,3.1530550164727993,0.0057964814960604905
loso::chrysosplenium_oppositifolium,Chrysosplenium oppositifolium,chrysosplenium_oppositifolium,Saxifragaceae,3.86300877201517,3.6533814611972186,0.20962731081795116
loso::cichorium_intybus,Cichorium intybus,cichorium_intybus,Compositae,4.72676673048859,4.599476787041339,0.1272899434472512
loso::circaea_alpina,Circaea alpina,circaea_alpina,Onagraceae,3.21693902522279,3.5979848279880033,-0.38104580276521327
loso::cirsium_arvense,Cirsium arvense,cirsium_arvense,Compositae,4.11764279446687,4.019635873197213,0.09800692126965682
loso::cirsium_dissectum,Cirsium dissectum,cirsium_dissectum,Compositae,5.21704165117256,3.962446277575007,1.2545953735975535
loso::cirsium_palustre,Cirsium palustre,cirsium_palustre,Compositae,3.90960201568287,3.9269977738674546,-0.017395758184584498
loso::cirsium_vulgare,Cirsium vulgare,cirsium_vulgare,Compositae,4.22975729024364,4.148817457050209,0.08093983319343057
loso::cladium_mariscus,Cladium mariscus,cladium_mariscus,Cyperaceae,4.91862913030096,6.1393933909566245,-1.2207642606556641
loso::clinopodium_nepeta,Clinopodium nepeta,clinopodium_nepeta,Lamiaceae,5.46778936466171,4.916320341408371,0.5514690232533397
loso::clinopodium_vulgare,Clinopodium vulgare,clinopodium_vulgare,Lamiaceae,4.20989172287157,4.888175332154046,-0.6782836092824756
loso::comarum_palustre,Comarum palustre,comarum_palustre,Rosaceae,3.11148321514078,4.350024096921735,-1.238540881780955
loso::conium_maculatum,Conium maculatum,conium_maculatum,Apiaceae,4.75960068814304,5.473148099403061,-0.7135474112600209
loso::conopodium_majus,Conopodium majus,conopodium_majus,Apiaceae,3.790153474753,4.165665738980653,-0.37551226422765316
loso::convallaria_majalis,Convallaria majalis,convallaria_majalis,Asparagaceae,4.28322741806914,3.7599289581509487,0.5232984599181916
loso::coreopsis_tinctoria,Coreopsis tinctoria,coreopsis_tinctoria,Compositae,6.62266157176124,5.302554690926439,1.3201068808348007
loso::cornus_suecica,Cornus suecica,cornus_suecica,Cornaceae,2.6653123881013,2.898169361517175,-0.23285697341587497
loso::coronilla_coronata,Coronilla coronata,coronilla_coronata,Leguminosae,4.68400681455147,4.4778565181297525,0.20615029642171745
loso::coronilla_vaginalis,Coronilla vaginalis,coronilla_vaginalis,Leguminosae,3.71057957442017,3.262239342661512,0.448340231758658
loso::corylus_avellana,Corylus avellana,corylus_avellana,Betulaceae,4.29905524317882,4.7394775448058075,-0.44042230162698726
loso::crataegus_monogyna,Crataegus monogyna,crataegus_monogyna,Rosaceae,4.71398090986589,4.7166931433782056,-0.0027122335123159758
loso::crepis_biennis,Crepis biennis,crepis_biennis,Compositae,3.99599789844132,3.8065709169285404,0.1894269815127796
loso::crepis_capillaris,Crepis capillaris,crepis_capillaris,Compositae,4.48513472835148,4.264637420981244,0.22049730737023587
loso::crepis_froelichiana,Crepis froelichiana,crepis_froelichiana,Compositae,1.02022657105829,3.423750049032591,-2.403523477974301
loso::crepis_pyrenaica,Crepis pyrenaica,crepis_pyrenaica,Compositae,1.97242210537497,2.856312674521599,-0.883890569146629
loso::crepis_vesicaria,Crepis vesicaria,crepis_vesicaria,Compositae,5.78190079100481,4.33408266268596,1.4478181283188505
loso::cruciata_glabra,Cruciata glabra,cruciata_glabra,Rubiaceae,4.17630813853162,4.159301746343316,0.017006392188303465
loso::cryptomeria_japonica,Cryptomeria japonica,cryptomeria_japonica,Cupressaceae,6.41159047042839,5.43488359830858,0.9767068721198102
loso::cupressus_sempervirens,Cupressus sempervirens,cupressus_sempervirens,Cupressaceae,6.41143817942658,6.0688853130457145,0.34255286638086524
loso::cyclamen_purpurascens,Cyclamen purpurascens,cyclamen_purpurascens,Primulaceae,4.64187948725667,4.426822175146125,0.21505731211054524
loso::cynodon_dactylon,Cynodon dactylon,cynodon_dactylon,Poaceae,5.81074095516084,4.541467749673991,1.269273205486849
loso::cynosurus_cristatus,Cynosurus cristatus,cynosurus_cristatus,Poaceae,3.85545460226179,4.545869418302738,-0.6904148160409478
loso::dactylis_glomerata,Dactylis glomerata,dactylis_glomerata,Poaceae,4.45317200921016,4.968574700684403,-0.5154026914742431
loso::datura_stramonium,Datura stramonium,datura_stramonium,Solanaceae,5.31120343702507,5.089515600102155,0.22168783692291516
loso::daucus_carota,Daucus carota,daucus_carota,Apiaceae,4.73712701815097,5.475240298623725,-0.7381132804727555
loso::deschampsia_cespitosa,Deschampsia cespitosa,deschampsia_cespitosa,Poaceae,3.63946090700468,3.4344710274276173,0.2049898795770626
loso::descurainia_sophia,Descurainia sophia,descurainia_sophia,Brassicaceae,4.72328311400031,4.487247625700295,0.23603548830001486
loso::dianthus_seguieri,Dianthus seguieri,dianthus_seguieri,Caryophyllaceae,4.46803527626557,3.483886548921174,0.9841487273443961
loso::dianthus_sylvestris,Dianthus sylvestris,dianthus_sylvestris,Caryophyllaceae,4.5256384597864,2.993008258796247,1.5326302009901527
loso::diapensia_lapponica,Diapensia lapponica,diapensia_lapponica,Diapensiaceae,1.35578728038624,2.5047302152781095,-1.1489429348918694
loso::dictamnus_albus,Dictamnus albus,dictamnus_albus,Rutaceae,3.85742212188074,4.7813845556017,-0.92396243372096
loso::digitalis_grandiflora,Digitalis grandiflora,digitalis_grandiflora,Plantaginaceae,3.7093326475262,4.487867434306899,-0.7785347867806993
loso::digitalis_purpurea,Digitalis purpurea,digitalis_purpurea,Plantaginaceae,4.29737946643257,3.950847750924696,0.346531715507874
loso::digitaria_sanguinalis,Digitaria sanguinalis,digitaria_sanguinalis,Poaceae,5.6020573763861,5.055397329163307,0.5466600472227929
loso::dipsacus_fullonum,Dipsacus fullonum,dipsacus_fullonum,Caprifoliaceae,4.8465122351891,4.73555749664989,0.11095473853920979
loso::draba_hispida,Draba hispida,draba_hispida,Brassicaceae,2.51967478749518,2.176224295471799,0.34345049202338096
loso::drosera_rotundifolia,Drosera rotundifolia,drosera_rotundifolia,Droseraceae,3.37848785228806,3.5833608097728153,-0.20487295748475542
loso::echinops_ritro,Echinops ritro,echinops_ritro,Compositae,6.0475720327945,5.6496886889697295,0.39788334382477064
loso::echium_plantagineum,Echium plantagineum,echium_plantagineum,Boraginaceae,6.27422298520163,6.2243361393888,0.04988684581282943
loso::echium_vulgare,Echium vulgare,echium_vulgare,Boraginaceae,4.61272850483472,5.8547395465637955,-1.242011041729075
loso::eleocharis_palustris,Eleocharis palustris,eleocharis_palustris,Cyperaceae,4.01833718637292,4.3601556820265905,-0.34181849565367095
loso::elymus_athericus,Elymus athericus,elymus_athericus,Poaceae,5.18581814390316,4.53473162605786,0.65108651784530025
loso::elymus_caninus,Elymus caninus,elymus_caninus,Poaceae,4.04891630781221,4.351232819839044,-0.3023165120268345
loso::epilobium_brachycarpum,Epilobium brachycarpum,epilobium_brachycarpum,Onagraceae,5.79530546666759,4.38152387461463,1.4137815920529597
loso::epilobium_fleischeri,Epilobium fleischeri,epilobium_fleischeri,Onagraceae,2.25894799527949,2.608902129106495,-0.3499541338270049
loso::epipactis_atrorubens,Epipactis atrorubens,epipactis_atrorubens,Orchidaceae,4.14261334486172,3.890408008964341,0.25220533589737926
loso::equisetum_arvense,Equisetum arvense,equisetum_arvense,Equisetaceae,4.13023523121992,3.4433582561966696,0.6868769750232508
loso::equisetum_sylvaticum,Equisetum sylvaticum,equisetum_sylvaticum,Equisetaceae,2.99463815741184,3.366774242245756,-0.3721360848339157
loso::eragrostis_cilianensis,Eragrostis cilianensis,eragrostis_cilianensis,Poaceae,5.90320527855756,5.630426262163238,0.2727790163943222
loso::eragrostis_mexicana,Eragrostis mexicana,eragrostis_mexicana,Poaceae,5.95736188992887,6.464670870519672,-0.5073089805908024
loso::eragrostis_minor,Eragrostis minor,eragrostis_minor,Poaceae,5.17133522934402,5.245962266852914,-0.07462703750889332
loso::erica_tetralix,Erica tetralix,erica_tetralix,Ericaceae,3.92196502693427,3.6962207200346993,0.2257443068995708
loso::erigeron_alpinus,Erigeron alpinus,erigeron_alpinus,Compositae,1.26424100101773,2.3028894777202416,-1.0386484767025115
loso::erigeron_annuus,Erigeron annuus,erigeron_annuus,Compositae,4.52486685002245,4.733712580311438,-0.20884573028898767
loso::erigeron_canadensis,Erigeron canadensis,erigeron_canadensis,Compositae,4.72791302815976,4.381215869808389,0.34669715835137094
loso::erigeron_karvinskianus,Erigeron karvinskianus,erigeron_karvinskianus,Compositae,6.24299874081082,4.359067492007244,1.8839312488035755
loso::erigeron_strigosus,Erigeron strigosus,erigeron_strigosus,Compositae,4.21974874407018,4.6120118779158075,-0.3922631338456277
loso::erigeron_uniflorus,Erigeron uniflorus,erigeron_uniflorus,Compositae,0.851061576495237,3.478533719906254,-2.627472143411017
loso::eriophorum_angustifolium,Eriophorum angustifolium,eriophorum_angustifolium,Cyperaceae,3.11733180706837,3.7732139629597974,-0.6558821558914274
loso::eriophorum_vaginatum,Eriophorum vaginatum,eriophorum_vaginatum,Cyperaceae,2.9991676030906,2.4605528075948406,0.5386147954957594
loso::erodium_cicutarium,Erodium cicutarium,erodium_cicutarium,Geraniaceae,4.5331654705764,4.485813377380112,0.04735209319628808
loso::erodium_glaucophyllum,Erodium glaucophyllum,erodium_glaucophyllum,Geraniaceae,10,7.0342181644395465,2.9657818355604535
loso::eryngium_campestre,Eryngium campestre,eryngium_campestre,Apiaceae,5.53766245801391,4.68885973536676,0.8488027226471502
loso::eucalyptus_camaldulensis,Eucalyptus camaldulensis,eucalyptus_camaldulensis,Myrtaceae,7.53392622538765,8.395804011246279,-0.8618777858586286
loso::eucalyptus_viminalis,Eucalyptus viminalis,eucalyptus_viminalis,Myrtaceae,7.08946542850455,6.068549198707765,1.0209162297967849
loso::euphorbia_amygdaloides,Euphorbia amygdaloides,euphorbia_amygdaloides,Euphorbiaceae,4.28992841773223,4.782899708303611,-0.492971290571381
loso::euphorbia_cyparissias,Euphorbia cyparissias,euphorbia_cyparissias,Euphorbiaceae,4.30295073849477,4.510448226368211,-0.20749748787344036
loso::euphorbia_dulcis,Euphorbia dulcis,euphorbia_dulcis,Euphorbiaceae,4.26125812022628,4.73066277973211,-0.46940465950582944
loso::euphorbia_falcata,Euphorbia falcata,euphorbia_falcata,Euphorbiaceae,5.63021460452814,6.096751764498462,-0.4665371599703221
loso::euphorbia_flavicoma,Euphorbia flavicoma,euphorbia_flavicoma,Euphorbiaceae,4.86453961118265,5.701113050920528,-0.8365734397378777
loso::euphorbia_nutans,Euphorbia nutans,euphorbia_nutans,Euphorbiaceae,4.83117587945624,4.512160293793136,0.31901558566310406
loso::euphorbia_variabilis,Euphorbia variabilis,euphorbia_variabilis,Euphorbiaceae,4.14059325648029,4.116023312977427,0.024569943502863012
loso::euphrasia_frigida,Euphrasia frigida,euphrasia_frigida,Orobanchaceae,1.8669548415876,1.1347804043692937,0.7321744372183063
loso::euphrasia_minima,Euphrasia minima,euphrasia_minima,Orobanchaceae,1.44388328647962,2.5625903765649025,-1.1187070900852825
loso::euthamia_graminifolia,Euthamia graminifolia,euthamia_graminifolia,Compositae,4.72791849909148,4.407139794182998,0.3207787049084816
loso::fallopia_convolvulus,Fallopia convolvulus,fallopia_convolvulus,Polygonaceae,4.57788456001308,4.916642652320414,-0.33875809230733367
loso::festuca_altissima,Festuca altissima,festuca_altissima,Poaceae,3.88918001716065,4.18577032417567,-0.2965903070150202
loso::festuca_filiformis,Festuca filiformis,festuca_filiformis,Poaceae,4.39724019922603,4.1796673237895865,0.21757287543644388
loso::festuca_halleri,Festuca halleri,festuca_halleri,Poaceae,1.32121169055519,2.08332916883217,-0.76211747827698
loso::festuca_nigrescens,Festuca nigrescens,festuca_nigrescens,Poaceae,3.34306348652226,4.355880892847523,-1.0128174063252628
loso::festuca_rubra,Festuca rubra,festuca_rubra,Poaceae,6.12808980551299,4.448021112143184,1.6800686933698055
loso::festuca_varia,Festuca varia,festuca_varia,Poaceae,0.831168836105704,3.169633273731715,-2.338464437626011
loso::filipendula_ulmaria,Filipendula ulmaria,filipendula_ulmaria,Rosaceae,3.42498429298072,4.39304604173228,-0.9680617487515599
loso::fragaria_virginiana,Fragaria virginiana,fragaria_virginiana,Rosaceae,4.76425706465799,4.171240307507416,0.5930167571505738
loso::fragaria_viridis,Fragaria viridis,fragaria_viridis,Rosaceae,4.71754233903776,4.693831607685762,0.02371073135199886
loso::fraxinus_excelsior,Fraxinus excelsior,fraxinus_excelsior,Oleaceae,4.26089292300663,4.990820165633855,-0.729927242627225
loso::fraxinus_mandshurica,Fraxinus mandshurica,fraxinus_mandshurica,Oleaceae,4.28285369564475,4.179584580714185,0.10326911493056468
loso::fraxinus_pennsylvanica,Fraxinus pennsylvanica,fraxinus_pennsylvanica,Oleaceae,5.17773962271059,5.0154794744767175,0.16226014823387214
loso::gagea_serotina,Gagea serotina,gagea_serotina,Liliaceae,0.92271839003403,1.9962447674184909,-1.0735263773844608
loso::galatella_linosyris,Galatella linosyris,galatella_linosyris,Compositae,5.37607780065366,4.543374303373292,0.8327034972803684
loso::galeopsis_segetum,Galeopsis segetum,galeopsis_segetum,Lamiaceae,4.64436296634711,4.288940858946649,0.3554221074004609
loso::galeopsis_tetrahit,Galeopsis tetrahit,galeopsis_tetrahit,Lamiaceae,3.71124955089363,4.190469863094991,-0.4792203122013614
loso::galinsoga_quadriradiata,Galinsoga quadriradiata,galinsoga_quadriradiata,Compositae,4.97021650389093,4.370107387670968,0.6001091162199614
loso::galium_aparine,Galium aparine,galium_aparine,Rubiaceae,4.47206035520526,4.697165721255881,-0.22510536605062104
loso::galium_odoratum,Galium odoratum,galium_odoratum,Rubiaceae,4.1044743805895,3.6397310699347356,0.4647433106547645
loso::galium_saxatile,Galium saxatile,galium_saxatile,Rubiaceae,3.64374485174681,3.2390498095745577,0.40469504217225216
loso::galium_sylvaticum,Galium sylvaticum,galium_sylvaticum,Rubiaceae,3.98183998533547,4.347352498645797,-0.3655125133103274
loso::galium_uliginosum,Galium uliginosum,galium_uliginosum,Rubiaceae,3.75652087460561,3.6866319276712516,0.06988894693435821
loso::galium_verum,Galium verum,galium_verum,Rubiaceae,4.0803232565827,4.191375681887598,-0.1110524253048979
loso::genista_hispanica,Genista hispanica,genista_hispanica,Leguminosae,5.47959498893508,4.034542124373849,1.445052864561231
loso::gentiana_lutea,Gentiana lutea,gentiana_lutea,Gentianaceae,2.34769897297532,2.7813192896157117,-0.4336203166403916
loso::gentiana_punctata,Gentiana punctata,gentiana_punctata,Gentianaceae,1.85740816513205,1.9092220224241374,-0.05181385729208743
loso::gentiana_purpurea,Gentiana purpurea,gentiana_purpurea,Gentianaceae,1.73642763505245,2.2322767657872236,-0.49584913073477366
loso::gentianella_campestris,Gentianella campestris,gentianella_campestris,Gentianaceae,3.12752916104921,3.5742829897286494,-0.44675382867943947
loso::geranium_nodosum,Geranium nodosum,geranium_nodosum,Geraniaceae,4.65555793461483,4.492020659610465,0.16353727500436488
loso::geranium_rotundifolium,Geranium rotundifolium,geranium_rotundifolium,Geraniaceae,5.3944397465758,4.439088520757203,0.955351225818597
loso::geum_montanum,Geum montanum,geum_montanum,Rosaceae,1.52357108706801,2.607308297206215,-1.083737210138205
loso::geum_rivale,Geum rivale,geum_rivale,Rosaceae,3.32389646788857,3.3350323464894833,-0.011135878600913252
loso::gleditsia_triacanthos,Gleditsia triacanthos,gleditsia_triacanthos,Leguminosae,5.73203770610938,5.671579330028128,0.06045837608125204
loso::globularia_cordifolia,Globularia cordifolia,globularia_cordifolia,Plantaginaceae,2.9077528314135,2.7439385917340298,0.1638142396794704
loso::globularia_nudicaulis,Globularia nudicaulis,globularia_nudicaulis,Plantaginaceae,1.84276540433022,2.858660513525117,-1.0158951091948971
loso::globularia_vulgaris,Globularia vulgaris,globularia_vulgaris,Plantaginaceae,5.06041660211791,4.263351354264945,0.7970652478529656
loso::glyceria_maxima,Glyceria maxima,glyceria_maxima,Poaceae,4.1285895598033,4.81493769823556,-0.6863481384322601
loso::gnaphalium_sylvaticum,Gnaphalium sylvaticum,gnaphalium_sylvaticum,Compositae,3.75660428758621,3.552361569794907,0.20424271779130265
loso::groenlandia_densa,Groenlandia densa,groenlandia_densa,Potamogetonaceae,4.12794609001117,4.859731964805641,-0.731785874794471
loso::gymnadenia_conopsea,Gymnadenia conopsea,gymnadenia_conopsea,Orchidaceae,3.51815609408811,3.12083543515509,0.3973206589330198
loso::hedera_helix,Hedera helix,hedera_helix,Araliaceae,4.66259132921426,4.796651347156441,-0.13406001794218092
loso::helianthemum_apenninum,Helianthemum apenninum,helianthemum_apenninum,Cistaceae,5.5008830707844,4.926027162590794,0.574855908193606
loso::helianthus_annuus,Helianthus annuus,helianthus_annuus,Compositae,5.6202327905353,5.336025884328784,0.28420690620651623
loso::helichrysum_arenarium,Helichrysum arenarium,helichrysum_arenarium,Compositae,4.7504002454019,4.412733102403874,0.3376671429980256
loso::helleborus_foetidus,Helleborus foetidus,helleborus_foetidus,Ranunculaceae,4.73704728834481,4.93648807655814,-0.19944078821333022
loso::helleborus_niger,Helleborus niger,helleborus_niger,Ranunculaceae,4.09384184277184,3.775916267833346,0.31792557493849394
loso::herniaria_glabra,Herniaria glabra,herniaria_glabra,Caryophyllaceae,4.42017709334701,4.438376369401883,-0.01819927605487326
loso::hieracium_porrifolium,Hieracium porrifolium,hieracium_porrifolium,Compositae,4.96794936157394,3.1500030586173446,1.817946302956595
loso::hieracium_prenanthoides,Hieracium prenanthoides,hieracium_prenanthoides,Compositae,2.13119537528105,2.822323045868893,-0.6911276705878429
loso::hieracium_racemosum,Hieracium racemosum,hieracium_racemosum,Compositae,4.48250967654945,4.460677911450389,0.021831765099060263
loso::hieracium_umbellatum,Hieracium umbellatum,hieracium_umbellatum,Compositae,4.10837121623963,4.755528451424912,-0.6471572351852819
loso::hippuris_vulgaris,Hippuris vulgaris,hippuris_vulgaris,Plantaginaceae,3.93867176840134,4.381453831365912,-0.44278206296457157
loso::holcus_lanatus,Holcus lanatus,holcus_lanatus,Poaceae,4.30921508712019,4.47370367663625,-0.1644885895160595
loso::holcus_mollis,Holcus mollis,holcus_mollis,Poaceae,4.2178504513879,3.642752390452903,0.5750980609349967
loso::horminum_pyrenaicum,Horminum pyrenaicum,horminum_pyrenaicum,Lamiaceae,1.59596584136298,3.311473176411411,-1.7155073350484311
loso::hottonia_palustris,Hottonia palustris,hottonia_palustris,Primulaceae,4.59348464246639,4.155936881768769,0.4375477606976217
loso::hydrocotyle_vulgaris,Hydrocotyle vulgaris,hydrocotyle_vulgaris,Araliaceae,4.77807253792121,3.7685092576074655,1.0095632803137442
loso::hyoscyamus_niger,Hyoscyamus niger,hyoscyamus_niger,Solanaceae,4.67905360900567,4.563138408242573,0.11591520076309614
loso::hypericum_humifusum,Hypericum humifusum,hypericum_humifusum,Hypericaceae,4.260854867403,4.41330469018343,-0.1524498227804294
loso::hypericum_maculatum,Hypericum maculatum,hypericum_maculatum,Hypericaceae,3.10623642687129,4.7618722017159,-1.6556357748446104
loso::hypericum_montanum,Hypericum montanum,hypericum_montanum,Hypericaceae,4.53555661047207,4.181888912523867,0.35366769794820296
loso::hypericum_perforatum,Hypericum perforatum,hypericum_perforatum,Hypericaceae,4.51054245568615,4.773272073054603,-0.2627296173684526
loso::impatiens_capensis,Impatiens capensis,impatiens_capensis,Balsaminaceae,5.16671418252143,4.758831746718095,0.4078824358033346
loso::inula_britannica,Inula britannica,inula_britannica,Compositae,4.55386722743207,4.5206682690527,0.03319895837937015
loso::inula_montana,Inula montana,inula_montana,Compositae,5.74468536657433,4.797396827718246,0.9472885388560837
loso::jasione_montana,Jasione montana,jasione_montana,Campanulaceae,4.57419379023554,4.043379355689267,0.5308144345462731
loso::juglans_nigra,Juglans nigra,juglans_nigra,Juglandaceae,5.43100017596798,5.535238440072725,-0.1042382641047448
loso::juglans_regia,Juglans regia,juglans_regia,Juglandaceae,5.71172121401211,5.343867142804886,0.36785407120722446
loso::juncus_bufonius,Juncus bufonius,juncus_bufonius,Juncaceae,4.28141269570538,4.24042986327143,0.040982832433949845
loso::juncus_bulbosus,Juncus bulbosus,juncus_bulbosus,Juncaceae,4.23309062674262,5.624670645025386,-1.3915800182827658
loso::juncus_effusus,Juncus effusus,juncus_effusus,Juncaceae,4.21661816833406,4.65959015448693,-0.4429719861528696
loso::juncus_filiformis,Juncus filiformis,juncus_filiformis,Juncaceae,2.92231213197997,3.5018323908726794,-0.5795202588927095
loso::juncus_squarrosus,Juncus squarrosus,juncus_squarrosus,Juncaceae,3.71619912884698,3.5753457774059854,0.14085335144099442
loso::juniperus_phoenicea,Juniperus phoenicea,juniperus_phoenicea,Cupressaceae,6.81781213646655,6.7980465555490115,0.01976558091753855
loso::juniperus_virginiana,Juniperus virginiana,juniperus_virginiana,Cupressaceae,5.65931340935014,7.359689794549174,-1.7003763851990348
loso::knautia_arvensis,Knautia arvensis,knautia_arvensis,Caprifoliaceae,4.14059325648029,5.562400868781759,-1.4218076123014685
loso::knautia_drymeia,Knautia drymeia,knautia_drymeia,Caprifoliaceae,4.42557563690459,3.264851027447058,1.1607246094575316
loso::knautia_transalpina,Knautia transalpina,knautia_transalpina,Caprifoliaceae,3.02939858521638,3.0408515581940714,-0.011452972977691545
loso::knautia_velutina,Knautia velutina,knautia_velutina,Caprifoliaceae,2.65103115156982,4.211398939188408,-1.560367787618588
loso::koeleria_macrantha,Koeleria macrantha,koeleria_macrantha,Poaceae,4.57447192499237,4.968411742281701,-0.3939398172893309
loso::koeleria_vallesiana,Koeleria vallesiana,koeleria_vallesiana,Poaceae,5.06736297523515,4.439193197090209,0.6281697781449402
loso::lactuca_serriola,Lactuca serriola,lactuca_serriola,Compositae,5.26341107548395,4.410913040323263,0.8524980351606875
loso::lactuca_tatarica,Lactuca tatarica,lactuca_tatarica,Compositae,4.74385714385716,4.552560122903238,0.19129702095392176
loso::lamium_album,Lamium album,lamium_album,Lamiaceae,4.03521656097081,4.317130617692824,-0.2819140567220133
loso::lamium_amplexicaule,Lamium amplexicaule,lamium_amplexicaule,Lamiaceae,4.6057645602146,5.178953759327594,-0.5731891991129938
loso::lamium_maculatum,Lamium maculatum,lamium_maculatum,Lamiaceae,4.23558550940408,4.3502012279069815,-0.11461571850290131
loso::lapsana_communis,Lapsana communis,lapsana_communis,Compositae,4.60085850076689,4.958666983623447,-0.35780848285655686
loso::larix_decidua,Larix decidua,larix_decidua,Pinaceae,2.80337767973194,3.812886084354334,-1.009508404622394
loso::larix_gmelinii,Larix gmelinii,larix_gmelinii,Pinaceae,2.55953976334315,4.429435273663362,-1.869895510320212
loso::laserpitium_latifolium,Laserpitium latifolium,laserpitium_latifolium,Apiaceae,3.90910034544765,4.411504307343367,-0.5024039618957166
loso::laserpitium_nitidum,Laserpitium nitidum,laserpitium_nitidum,Apiaceae,3.06470920411664,3.63428232778027,-0.5695731236636297
loso::lathyrus_linifolius,Lathyrus linifolius,lathyrus_linifolius,Leguminosae,4.15698683567193,4.064013562840715,0.09297327283121515
loso::lathyrus_pratensis,Lathyrus pratensis,lathyrus_pratensis,Leguminosae,4.11622821841755,4.149977060630763,-0.03374884221321306
loso::lathyrus_vernus,Lathyrus vernus,lathyrus_vernus,Leguminosae,4.18531628030552,3.564546797191671,0.6207694831138495
loso::lepidium_densiflorum,Lepidium densiflorum,lepidium_densiflorum,Brassicaceae,4.97349251604635,4.815184199310438,0.15830831673591206
loso::lepidium_latifolium,Lepidium latifolium,lepidium_latifolium,Brassicaceae,4.99204657532979,5.302512860823295,-0.3104662854935052
loso::lepidium_ruderale,Lepidium ruderale,lepidium_ruderale,Brassicaceae,4.85588952136656,4.375253601336116,0.4806359200304442
loso::leucanthemum_heterophyllum,Leucanthemum heterophyllum,leucanthemum_heterophyllum,Compositae,2.65103115156982,3.0852638609538956,-0.43423270938407565
loso::leucanthemum_ircutianum,Leucanthemum ircutianum,leucanthemum_ircutianum,Compositae,4.82326082170337,3.5589424292266636,1.264318392476706
loso::leucanthemum_vulgare,Leucanthemum vulgare,leucanthemum_vulgare,Compositae,4.26180523927411,4.024611186766092,0.23719405250801806
loso::leucojum_vernum,Leucojum vernum,leucojum_vernum,Amaryllidaceae,4.1367502567335,4.317613151368777,-0.18086289463527638
loso::lilium_bulbiferum,Lilium bulbiferum,lilium_bulbiferum,Liliaceae,3.72757658162619,2.73969394379691,0.98788263782928
loso::lilium_martagon,Lilium martagon,lilium_martagon,Liliaceae,3.76495832880535,3.98805425899315,-0.22309593018779994
loso::linaria_alpina,Linaria alpina,linaria_alpina,Plantaginaceae,2.21423263093411,2.358050567462279,-0.1438179365281691
loso::linaria_dalmatica,Linaria dalmatica,linaria_dalmatica,Plantaginaceae,6.28555334017449,3.912639649894553,2.372913690279937
loso::linaria_vulgaris,Linaria vulgaris,linaria_vulgaris,Plantaginaceae,4.09620465751519,5.9123619214328365,-1.8161572639176464
loso::lindernia_dubia,Lindernia dubia,lindernia_dubia,Linderniaceae,5.50277956894858,4.574048063952585,0.9287315049959952
loso::linnaea_borealis,Linnaea borealis,linnaea_borealis,Caprifoliaceae,2.23712736200391,4.082431065381585,-1.8453037033776751
loso::linum_catharticum,Linum catharticum,linum_catharticum,Linaceae,3.89953766538542,3.4377748868498763,0.4617627785355438
loso::linum_perenne,Linum perenne,linum_perenne,Linaceae,4.29918929319124,3.039856389801693,1.2593329033895473
loso::littorella_uniflora,Littorella uniflora,littorella_uniflora,Plantaginaceae,4.2276938068541,4.272509865490362,-0.044816058636262035
loso::lobelia_dortmanna,Lobelia dortmanna,lobelia_dortmanna,Campanulaceae,3.58466684943809,4.202982529987535,-0.6183156805494452
loso::lolium_multiflorum,Lolium multiflorum,lolium_multiflorum,Poaceae,5.24618834265826,4.42896683488767,0.81722150777059
loso::lolium_perenne,Lolium perenne,lolium_perenne,Poaceae,4.26602015018904,5.002302030524501,-0.7362818803354614
loso::lonicera_caprifolium,Lonicera caprifolium,lonicera_caprifolium,Caprifoliaceae,5.26605404839546,5.550954514729888,-0.28490046633442834
loso::lonicera_implexa,Lonicera implexa,lonicera_implexa,Caprifoliaceae,7.11955992501674,5.70280091461755,1.4167590103991907
loso::lupinus_perennis,Lupinus perennis,lupinus_perennis,Leguminosae,4.96794936157394,6.198412704122555,-1.2304633425486156
loso::luzula_alpinopilosa,Luzula alpinopilosa,luzula_alpinopilosa,Juncaceae,1.23623700809014,1.9621536861430138,-0.7259166780528739
loso::luzula_campestris,Luzula campestris,luzula_campestris,Juncaceae,4.1024826886275,3.971562389162486,0.13092029946501427
loso::luzula_forsteri,Luzula forsteri,luzula_forsteri,Juncaceae,5.62261071284472,3.6639431343648163,1.9586675784799037
loso::luzula_nivea,Luzula nivea,luzula_nivea,Juncaceae,3.10897907809629,3.383280578223749,-0.2743015001274589
loso::luzula_spicata,Luzula spicata,luzula_spicata,Juncaceae,1.28039255156457,3.073695227465573,-1.793302675901003
loso::luzula_sudetica,Luzula sudetica,luzula_sudetica,Juncaceae,1.94344285215969,3.4789466877565935,-1.5355038355969035
loso::lycopus_europaeus,Lycopus europaeus,lycopus_europaeus,Lamiaceae,4.67871304466996,4.5070089463877245,0.17170409828223576
loso::lysimachia_europaea,Lysimachia europaea,lysimachia_europaea,Primulaceae,3.22612422793674,2.3618416497033694,0.8642825782333707
loso::lysimachia_maritima,Lysimachia maritima,lysimachia_maritima,Primulaceae,4.28823642145441,3.7054202376702148,0.5828161837841956
loso::lysimachia_nummularia,Lysimachia nummularia,lysimachia_nummularia,Primulaceae,4.38138576285006,4.340379089622775,0.04100667322728491
loso::lysimachia_vulgaris,Lysimachia vulgaris,lysimachia_vulgaris,Primulaceae,4.04300088982335,4.489685348429523,-0.4466844586061729
loso::maackia_amurensis,Maackia amurensis,maackia_amurensis,Leguminosae,4.58695894918527,4.573791481874831,0.013167467310439385
loso::magnolia_grandiflora,Magnolia grandiflora,magnolia_grandiflora,Magnoliaceae,6.71569572396892,5.883670531506656,0.8320251924622637
loso::maianthemum_bifolium,Maianthemum bifolium,maianthemum_bifolium,Asparagaceae,3.63404584534216,3.660559010919597,-0.026513165577437103
loso::malus_sylvestris,Malus sylvestris,malus_sylvestris,Rosaceae,4.24628990224276,4.754998756508788,-0.5087088542660281
loso::medicago_lupulina,Medicago lupulina,medicago_lupulina,Leguminosae,4.20533855952987,4.481303052404349,-0.2759644928744791
loso::medicago_sativa,Medicago sativa,medicago_sativa,Leguminosae,4.77056162560964,4.675936446758357,0.09462517885128374
loso::melampyrum_cristatum,Melampyrum cristatum,melampyrum_cristatum,Orobanchaceae,5.00738168097649,4.3881950184388785,0.6191866625376115
loso::melampyrum_pratense,Melampyrum pratense,melampyrum_pratense,Orobanchaceae,3.8516287312296,4.547663917507712,-0.6960351862781118
loso::melampyrum_sylvaticum,Melampyrum sylvaticum,melampyrum_sylvaticum,Orobanchaceae,2.80561482711934,2.9486077637919252,-0.14299293667258528
loso::melia_azedarach,Melia azedarach,melia_azedarach,Meliaceae,7.97838702227074,5.173413286822521,2.8049737354482183
loso::melica_ciliata,Melica ciliata,melica_ciliata,Poaceae,5.9563875617989,4.1403494877295834,1.8160380740693167
loso::melica_nutans,Melica nutans,melica_nutans,Poaceae,4.0036186214579,4.672522445097741,-0.668903823639841
loso::melilotus_officinalis,Melilotus officinalis,melilotus_officinalis,Leguminosae,4.46940594709214,4.542890849706722,-0.07348490261458185
loso::mentha_aquatica,Mentha aquatica,mentha_aquatica,Lamiaceae,4.40405845747532,4.407941761846953,-0.0038833043716328675
loso::mentha_longifolia,Mentha longifolia,mentha_longifolia,Lamiaceae,4.08586307824818,5.245710247645063,-1.1598471693968833
loso::menyanthes_trifoliata,Menyanthes trifoliata,menyanthes_trifoliata,Menyanthaceae,3.76220337987591,3.2227439403862035,0.5394594394897063
loso::mercurialis_annua,Mercurialis annua,mercurialis_annua,Euphorbiaceae,5.46741870759022,4.985506133142425,0.48191257444779456
loso::mercurialis_perennis,Mercurialis perennis,mercurialis_perennis,Euphorbiaceae,4.15207740957897,4.161297065081804,-0.009219655502834101
loso::milium_effusum,Milium effusum,milium_effusum,Poaceae,3.84002712916567,3.8984535477962474,-0.058426418630577626
loso::moehringia_trinervia,Moehringia trinervia,moehringia_trinervia,Caryophyllaceae,3.90213819959826,4.398205173405594,-0.4960669738073338
loso::molinia_caerulea,Molinia caerulea,molinia_caerulea,Poaceae,4.01566031687398,4.574838678452735,-0.5591783615787547
loso::moneses_uniflora,Moneses uniflora,moneses_uniflora,Ericaceae,2.93763330478266,3.501092894466524,-0.5634595896838639
loso::muhlenbergia_schreberi,Muhlenbergia schreberi,muhlenbergia_schreberi,Poaceae,6.51537610009228,5.276161255773548,1.2392148443187319
loso::myosotis_alpestris,Myosotis alpestris,myosotis_alpestris,Boraginaceae,1.46244747365454,2.8036311643322542,-1.3411836906777141
loso::myosotis_arvensis,Myosotis arvensis,myosotis_arvensis,Boraginaceae,3.87196526611346,4.337872442177093,-0.4659071760636331
loso::myosotis_scorpioides,Myosotis scorpioides,myosotis_scorpioides,Boraginaceae,3.86157278047612,4.314955189356475,-0.45338240888035486
loso::myosotis_sylvatica,Myosotis sylvatica,myosotis_sylvatica,Boraginaceae,3.61350834139329,4.16504999404457,-0.55154165265128
loso::myriophyllum_spicatum,Myriophyllum spicatum,myriophyllum_spicatum,Haloragaceae,4.18002099636568,4.651359052914901,-0.47133805654922156
loso::myriophyllum_verticillatum,Myriophyllum verticillatum,myriophyllum_verticillatum,Haloragaceae,4.39800430182476,4.65163038365989,-0.25362608183512947
loso::myrtus_communis,Myrtus communis,myrtus_communis,Myrtaceae,7.48948940421139,6.107554650673361,1.3819347535380295
loso::narcissus_pseudonarcissus,Narcissus pseudonarcissus,narcissus_pseudonarcissus,Amaryllidaceae,3.24138311553422,4.628704834314581,-1.387321718780361
loso::nardus_stricta,Nardus stricta,nardus_stricta,Poaceae,2.94829378848498,3.532184610459581,-0.5838908219746011
loso::nasturtium_officinale,Nasturtium officinale,nasturtium_officinale,Brassicaceae,4.18881110493084,4.84307175069383,-0.6542606457629896
loso::nuphar_lutea,Nuphar lutea,nuphar_lutea,Nymphaeaceae,4.33911853280776,4.966680734783581,-0.6275622019758211
loso::nymphaea_alba,Nymphaea alba,nymphaea_alba,Nymphaeaceae,4.85918492018893,3.9598516257121212,0.8993332944768091
loso::nymphoides_peltata,Nymphoides peltata,nymphoides_peltata,Menyanthaceae,5.06455836371863,4.331835278881536,0.7327230848370938
loso::oenothera_biennis,Oenothera biennis,oenothera_biennis,Onagraceae,5.10582514499621,4.505091598482711,0.6007335465134993
loso::ononis_striata,Ononis striata,ononis_striata,Leguminosae,4.68244720141442,4.148291705188304,0.5341554962261164
loso::orchis_militaris,Orchis militaris,orchis_militaris,Orchidaceae,4.56697246614125,4.351000568766347,0.21597189737490297
loso::orlaya_grandiflora,Orlaya grandiflora,orlaya_grandiflora,Apiaceae,5.49602850635329,4.4290922142509865,1.0669362921023033
loso::ornithogalum_collinum,Ornithogalum collinum,ornithogalum_collinum,Asparagaceae,6.74425015389994,5.459934061908645,1.284316091991295
loso::orthilia_secunda,Orthilia secunda,orthilia_secunda,Ericaceae,3.30594873585041,3.6969134143012927,-0.3909646784508829
loso::oxalis_acetosella,Oxalis acetosella,oxalis_acetosella,Oxalidaceae,3.86103570048708,4.214155201786478,-0.35311950129939795
loso::oxalis_stricta,Oxalis stricta,oxalis_stricta,Oxalidaceae,4.93568877491001,4.357681244533732,0.5780075303762775
loso::panicum_capillare,Panicum capillare,panicum_capillare,Poaceae,5.42106578855749,5.66219594760321,-0.24113015904571977
loso::panicum_dichotomiflorum,Panicum dichotomiflorum,panicum_dichotomiflorum,Poaceae,6.72726103912055,5.487250269690797,1.2400107694297526
loso::papaver_rhoeas,Papaver rhoeas,papaver_rhoeas,Papaveraceae,5.07774285897508,5.667878348626779,-0.5901354896516988
loso::parietaria_judaica,Parietaria judaica,parietaria_judaica,Urticaceae,5.83582995731406,5.273100279878858,0.5627296774352022
loso::parnassia_palustris,Parnassia palustris,parnassia_palustris,Celastraceae,3.10701052633218,3.5543256422611087,-0.4473151159289288
loso::paspalum_quadrifarium,Paspalum quadrifarium,paspalum_quadrifarium,Poaceae,6.40809062842332,5.5007143314658755,0.9073762969574446
loso::pastinaca_sativa,Pastinaca sativa,pastinaca_sativa,Apiaceae,4.67170590012591,3.8842633722563944,0.7874425278695156
loso::pedicularis_comosa,Pedicularis comosa,pedicularis_comosa,Orobanchaceae,2.63904158229441,3.5235679626920287,-0.8845263803976184
loso::pedicularis_gyroflexa,Pedicularis gyroflexa,pedicularis_gyroflexa,Orobanchaceae,2.23735309902299,3.12324337634334,-0.8858902773203501
loso::pedicularis_palustris,Pedicularis palustris,pedicularis_palustris,Orobanchaceae,3.50237451355547,3.1039515157550506,0.39842299780041923
loso::pedicularis_sylvatica,Pedicularis sylvatica,pedicularis_sylvatica,Orobanchaceae,3.85563147808787,4.68115233201331,-0.8255208539254402
loso::persicaria_amphibia,Persicaria amphibia,persicaria_amphibia,Polygonaceae,4.11364475181551,4.800112173081913,-0.6864674212664026
loso::persicaria_hydropiper,Persicaria hydropiper,persicaria_hydropiper,Polygonaceae,4.27272564074748,4.286421251473149,-0.013695610725668494
loso::persicaria_maculosa,Persicaria maculosa,persicaria_maculosa,Polygonaceae,4.32979549289754,4.378079896530559,-0.048284403633018336
loso::persicaria_vivipara,Persicaria vivipara,persicaria_vivipara,Polygonaceae,1.61045038508697,2.4664053045186574,-0.8559549194316873
loso::petrorhagia_prolifera,Petrorhagia prolifera,petrorhagia_prolifera,Caryophyllaceae,5.06735973732973,4.3406184288040235,0.7267413085257068
loso::phalaris_arundinacea,Phalaris arundinacea,phalaris_arundinacea,Poaceae,7.08946542850455,4.2002402861604775,2.8892251423440722
loso::phaseolus_vulgaris,Phaseolus vulgaris,phaseolus_vulgaris,Leguminosae,5.48100982459451,4.423417134432976,1.0575926901615347
loso::phleum_alpinum,Phleum alpinum,phleum_alpinum,Poaceae,1.70983318573658,2.7198181521083393,-1.0099849663717593
loso::phleum_phleoides,Phleum phleoides,phleum_phleoides,Poaceae,4.59158425683418,3.7029220376158194,0.8886622192183604
loso::phleum_pratense,Phleum pratense,phleum_pratense,Poaceae,3.99794313339076,3.2375269105612867,0.7604162228294733
loso::physoplexis_comosa,Physoplexis comosa,physoplexis_comosa,Campanulaceae,3.06470920411664,3.242311433250429,-0.17760222913378865
loso::phyteuma_hemisphaericum,Phyteuma hemisphaericum,phyteuma_hemisphaericum,Campanulaceae,1.45470622741595,2.222522241320682,-0.7678160139047323
loso::phyteuma_ovatum,Phyteuma ovatum,phyteuma_ovatum,Campanulaceae,1.90210831033489,2.8153398441178585,-0.9132315337829686
loso::phyteuma_scheuchzeri,Phyteuma scheuchzeri,phyteuma_scheuchzeri,Campanulaceae,2.75841479427093,2.5298416163931936,0.22857317787773646
loso::phyteuma_spicatum,Phyteuma spicatum,phyteuma_spicatum,Campanulaceae,3.94152504285953,3.5525783407836613,0.3889467020758688
loso::phytolacca_americana,Phytolacca americana,phytolacca_americana,Phytolaccaceae,5.52512588195532,5.14757392572728,0.3775519562280403
loso::picea_abies,Picea abies,picea_abies,Pinaceae,2.51798245696763,3.8229622369156764,-1.3049797799480465
loso::picea_glauca,Picea glauca,picea_glauca,Pinaceae,3.89211419047614,4.138863519062806,-0.24674932858666576
loso::picea_sitchensis,Picea sitchensis,picea_sitchensis,Pinaceae,4.48479781209393,3.3683447703571106,1.1164530417368197
loso::picris_hieracioides,Picris hieracioides,picris_hieracioides,Compositae,5.48100982459451,4.792975254957324,0.6880345696371863
loso::pilosella_lactucella,Pilosella lactucella,pilosella_lactucella,Compositae,3.53741886638824,4.029706889641458,-0.4922880232532183
loso::pilosella_piloselloides,Pilosella piloselloides,pilosella_piloselloides,Compositae,4.64785959952385,4.108821359866668,0.5390382396571818
loso::pimpinella_major,Pimpinella major,pimpinella_major,Apiaceae,3.91210103982724,4.153179098456863,-0.24107805862962284
loso::pimpinella_saxifraga,Pimpinella saxifraga,pimpinella_saxifraga,Apiaceae,3.98802134908022,4.220129502937745,-0.2321081538575247
loso::pinguicula_vulgaris,Pinguicula vulgaris,pinguicula_vulgaris,Lentibulariaceae,3.27264168698246,2.8416672121986775,0.4309744747837825
loso::pinus_banksiana,Pinus banksiana,pinus_banksiana,Pinaceae,3.71701055086126,3.712574560974315,0.0044359898869448244
loso::pinus_cembra,Pinus cembra,pinus_cembra,Pinaceae,1.92568186077272,3.028451140375602,-1.1027692796028818
loso::pinus_contorta,Pinus contorta,pinus_contorta,Pinaceae,2.47172233291572,4.650024109460719,-2.178301776544999
loso::pinus_halepensis,Pinus halepensis,pinus_halepensis,Pinaceae,7.26122996143532,5.501835059608806,1.7593949018265143
loso::pinus_koraiensis,Pinus koraiensis,pinus_koraiensis,Pinaceae,3.97874844210423,3.6361608369569574,0.3425876051472727
loso::pinus_nigra,Pinus nigra,pinus_nigra,Pinaceae,5.27047433808339,4.1024042160347065,1.1680701220486833
loso::pinus_pinea,Pinus pinea,pinus_pinea,Pinaceae,6.95684071678261,6.682812187464635,0.2740285293179747
loso::pinus_ponderosa,Pinus ponderosa,pinus_ponderosa,Pinaceae,5.19516945626631,4.870281902992997,0.32488755327331287
loso::pinus_radiata,Pinus radiata,pinus_radiata,Pinaceae,4.20533855952987,7.406693925774018,-3.2013553662441483
loso::pinus_strobus,Pinus strobus,pinus_strobus,Pinaceae,4.39555910688056,5.148913973837518,-0.7533548669569576
loso::pinus_sylvestris,Pinus sylvestris,pinus_sylvestris,Pinaceae,3.70788986867183,5.014751867233667,-1.3068619985618368
loso::pinus_uncinata,Pinus uncinata,pinus_uncinata,Pinaceae,2.15335342302019,3.7480972962364802,-1.5947438732162902
loso::pistacia_lentiscus,Pistacia lentiscus,pistacia_lentiscus,Anacardiaceae,7.47363983418705,5.663102363322652,1.8105374708643973
loso::pistacia_terebinthus,Pistacia terebinthus,pistacia_terebinthus,Anacardiaceae,6.74296295790613,5.6366841771415865,1.1062787807645433
loso::plantago_albicans,Plantago albicans,plantago_albicans,Plantaginaceae,8.22940580055606,5.931108026218499,2.298297774337561
loso::plantago_atrata,Plantago atrata,plantago_atrata,Plantaginaceae,2.12192239520174,2.752599139561044,-0.6306767443593042
loso::plantago_lanceolata,Plantago lanceolata,plantago_lanceolata,Plantaginaceae,4.3719015209643,5.2533875088794,-0.8814859879150996
loso::plantago_major,Plantago major,plantago_major,Plantaginaceae,4.39914234081471,4.929927321954663,-0.530784981139953
loso::plantago_maritima,Plantago maritima,plantago_maritima,Plantaginaceae,4.21457313524247,2.219629015510626,1.9949441197318443
loso::plantago_media,Plantago media,plantago_media,Plantaginaceae,4.18817074205088,4.069051769619419,0.11911897243146097
loso::platanthera_bifolia,Platanthera bifolia,platanthera_bifolia,Orchidaceae,3.9233526161126,3.525884156193344,0.39746845991925595
loso::platanus_occidentalis,Platanus occidentalis,platanus_occidentalis,Platanaceae,5.48504707293439,6.041466547398101,-0.556419474463711
loso::poa_alpina,Poa alpina,poa_alpina,Poaceae,2.07012866433384,3.41390060410828,-1.3437719397744399
loso::poa_angustifolia,Poa angustifolia,poa_angustifolia,Poaceae,4.28329623021575,3.5881692215579717,0.6951270086577779
loso::poa_annua,Poa annua,poa_annua,Poaceae,4.16890346277021,4.121767345519231,0.04713611725097877
loso::poa_bulbosa,Poa bulbosa,poa_bulbosa,Poaceae,5.34155512776353,4.4254914287256994,0.9160636990378306
loso::poa_compressa,Poa compressa,poa_compressa,Poaceae,4.41289929724375,3.956251742431929,0.4566475548118212
loso::poa_supina,Poa supina,poa_supina,Poaceae,2.39092306683338,2.756749381791579,-0.36582631495819884
loso::poa_trivialis,Poa trivialis,poa_trivialis,Poaceae,3.92274339078407,3.9207198867945148,0.0020235039895553086
loso::polygonatum_verticillatum,Polygonatum verticillatum,polygonatum_verticillatum,Asparagaceae,3.08989405493085,4.188764517471845,-1.098870462540995
loso::polygonum_aviculare,Polygonum aviculare,polygonum_aviculare,Polygonaceae,5.52088092920514,4.182236713579376,1.3386442156257647
loso::pontederia_cordata,Pontederia cordata,pontederia_cordata,Pontederiaceae,5.61739875719811,5.943703821979819,-0.3263050647817085
loso::populus_deltoides,Populus deltoides,populus_deltoides,Salicaceae,4.96390274297442,5.059318382071677,-0.09541563909725692
loso::populus_nigra,Populus nigra,populus_nigra,Salicaceae,4.93441670541524,5.503116834966492,-0.5687001295512522
loso::populus_tremuloides,Populus tremuloides,populus_tremuloides,Salicaceae,3.97874844210423,4.333810362782792,-0.3550619206785619
loso::potamogeton_berchtoldii,Potamogeton berchtoldii,potamogeton_berchtoldii,Potamogetonaceae,4.21602930608447,4.815308973820012,-0.5992796677355425
loso::potamogeton_crispus,Potamogeton crispus,potamogeton_crispus,Potamogetonaceae,4.13132333214332,3.7939745831352294,0.33734874900809064
loso::potamogeton_lucens,Potamogeton lucens,potamogeton_lucens,Potamogetonaceae,4.43799840245712,4.151958884182553,0.286039518274567
loso::potamogeton_natans,Potamogeton natans,potamogeton_natans,Potamogetonaceae,3.78076659683569,3.9754240241029306,-0.19465742726724056
loso::potentilla_aurea,Potentilla aurea,potentilla_aurea,Rosaceae,1.7310196779634,3.0734662875739445,-1.3424466096105445
loso::potentilla_crantzii,Potentilla crantzii,potentilla_crantzii,Rosaceae,1.94385053613831,3.867434814698934,-1.9235842785606239
loso::potentilla_erecta,Potentilla erecta,potentilla_erecta,Rosaceae,3.46098885703026,3.7924817933530672,-0.3314929363228072
loso::prenanthes_purpurea,Prenanthes purpurea,prenanthes_purpurea,Compositae,3.2504788368994,4.0929686666675025,-0.8424898297681023
loso::primula_auricula,Primula auricula,primula_auricula,Primulaceae,1.65852494119935,4.364378999944067,-2.7058540587447175
loso::primula_elatior,Primula elatior,primula_elatior,Primulaceae,3.85317404923726,4.0736168239631105,-0.2204427747258504
loso::primula_glaucescens,Primula glaucescens,primula_glaucescens,Primulaceae,2.23735309902299,3.5670025916991204,-1.3296494926761304
loso::primula_veris,Primula veris,primula_veris,Primulaceae,4.26902051161538,3.7910548598311147,0.477965651784265
loso::prunella_laciniata,Prunella laciniata,prunella_laciniata,Lamiaceae,5.20751752302446,4.564484291999159,0.6430332310253011
loso::prunus_lusitanica,Prunus lusitanica,prunus_lusitanica,Rosaceae,6.22627217031555,4.886023024964154,1.3402491453513958
loso::prunus_mahaleb,Prunus mahaleb,prunus_mahaleb,Rosaceae,5.20573398174005,5.368151835190924,-0.162417853450874
loso::prunus_pensylvanica,Prunus pensylvanica,prunus_pensylvanica,Rosaceae,3.36199058974245,4.729984480537431,-1.3679938907949811
loso::prunus_persica,Prunus persica,prunus_persica,Rosaceae,5.79530546666759,6.63692860927149,-0.8416231426039005
loso::pseudotsuga_menziesii,Pseudotsuga menziesii,pseudotsuga_menziesii,Pinaceae,4.25779626674534,4.547678478638865,-0.2898822118935245
loso::pulmonaria_officinalis,Pulmonaria officinalis,pulmonaria_officinalis,Boraginaceae,4.48282717804317,4.281508000081828,0.20131917796134147
loso::pyrola_minor,Pyrola minor,pyrola_minor,Ericaceae,3.12395177753715,3.309442230412745,-0.18549045287559496
loso::quercus_faginea,Quercus faginea,quercus_faginea,Fagaceae,4.4640035718891,6.598137374716115,-2.134133802827016
loso::quercus_macrocarpa,Quercus macrocarpa,quercus_macrocarpa,Fagaceae,5.49927470980683,5.6401371647831695,-0.14086245497633954
loso::quercus_petraea,Quercus petraea,quercus_petraea,Fagaceae,4.74677517207068,5.288632084193182,-0.5418569121225021
loso::quercus_robur,Quercus robur,quercus_robur,Fagaceae,4.68601486436323,5.139871255310303,-0.453856390947073
loso::quercus_rubra,Quercus rubra,quercus_rubra,Fagaceae,5.09143042894999,5.2942737667734106,-0.20284333782342046
loso::quercus_suber,Quercus suber,quercus_suber,Fagaceae,6.18452833141461,6.530198888022723,-0.3456705566081135
loso::quercus_velutina,Quercus velutina,quercus_velutina,Fagaceae,5.16671418252143,5.582587534466778,-0.4158733519453479
loso::ranunculus_aconitifolius,Ranunculus aconitifolius,ranunculus_aconitifolius,Ranunculaceae,2.61673140293359,4.105778811961059,-1.489047409027469
loso::ranunculus_acris,Ranunculus acris,ranunculus_acris,Ranunculaceae,3.88014444273558,4.172291975142405,-0.2921475324068248
loso::ranunculus_arvensis,Ranunculus arvensis,ranunculus_arvensis,Ranunculaceae,5.29800764645986,4.763894545493752,0.534113100966108
loso::ranunculus_platanifolius,Ranunculus platanifolius,ranunculus_platanifolius,Ranunculaceae,2.83097615883394,2.9653397582348906,-0.13436359940095066
loso::ranunculus_sceleratus,Ranunculus sceleratus,ranunculus_sceleratus,Ranunculaceae,4.45296049638821,4.70096756349753,-0.2480070671093202
loso::ranunculus_thora,Ranunculus thora,ranunculus_thora,Ranunculaceae,2.32373351670377,2.9167987047459096,-0.5930651880421398
loso::rapistrum_rugosum,Rapistrum rugosum,rapistrum_rugosum,Brassicaceae,5.65903463568119,4.32030607364578,1.33872856203541
loso::reynoutria_japonica,Reynoutria japonica,reynoutria_japonica,Polygonaceae,4.70366785103063,4.125069905569882,0.5785979454607482
loso::rhus_typhina,Rhus typhina,rhus_typhina,Anacardiaceae,5.47341414519454,5.214515116510192,0.2588990286843478
loso::rhynchospora_alba,Rhynchospora alba,rhynchospora_alba,Cyperaceae,3.61210701703543,3.5993572765586745,0.012749740476755367
loso::ribes_divaricatum,Ribes divaricatum,ribes_divaricatum,Grossulariaceae,4.06312382720022,4.625501640855193,-0.5623778136549724
loso::ribes_rubrum,Ribes rubrum,ribes_rubrum,Grossulariaceae,3.98889877948899,4.718912182689317,-0.7300134032003265
loso::ribes_sanguineum,Ribes sanguineum,ribes_sanguineum,Grossulariaceae,5.242092237949,4.298426835368825,0.9436654025801747
loso::robinia_pseudoacacia,Robinia pseudoacacia,robinia_pseudoacacia,Leguminosae,5.35259506147583,5.063662264728711,0.2889327967471189
loso::rubus_parviflorus,Rubus parviflorus,rubus_parviflorus,Rosaceae,4.69081990375152,4.696776129071663,-0.005956225320143282
loso::rumex_acetosa,Rumex acetosa,rumex_acetosa,Polygonaceae,4.24781110334069,4.464813061831075,-0.21700195849038462
loso::rumex_acetosella,Rumex acetosella,rumex_acetosella,Polygonaceae,3.83744225773372,4.831800242734498,-0.9943579850007778
loso::rumex_aquaticus,Rumex aquaticus,rumex_aquaticus,Polygonaceae,3.94820582700136,2.4066387736123653,1.5415670533889947
loso::rumex_crispus,Rumex crispus,rumex_crispus,Polygonaceae,4.2099333732793,4.427555845127737,-0.2176224718484363
loso::rumex_obtusifolius,Rumex obtusifolius,rumex_obtusifolius,Polygonaceae,4.12866976034041,3.978032134535471,0.15063762580493867
loso::salicornia_europaea,Salicornia europaea,salicornia_europaea,Amaranthaceae,4.80265070787745,4.603898861993086,0.198751845884364
loso::salix_alba,Salix alba,salix_alba,Salicaceae,4.75909815948994,4.4051961035255305,0.3539020559644097
loso::salix_cinerea,Salix cinerea,salix_cinerea,Salicaceae,4.04804929800556,4.196111027818843,-0.1480617298132838
loso::salix_repens,Salix repens,salix_repens,Salicaceae,3.94470225514547,4.180401621022686,-0.2356993658772164
loso::salsola_kali,Salsola kali,salsola_kali,Amaranthaceae,5.46817549041147,4.757852155574804,0.7103233348366658
loso::salvia_pratensis,Salvia pratensis,salvia_pratensis,Lamiaceae,4.81571099567649,4.183844163814505,0.6318668318619851
loso::samolus_valerandi,Samolus valerandi,samolus_valerandi,Primulaceae,4.84571093565805,5.229720773953365,-0.38400983829531476
loso::sanguisorba_minor,Sanguisorba minor,sanguisorba_minor,Rosaceae,4.64554217769258,4.745345161301493,-0.09980298360891382
loso::sanguisorba_officinalis,Sanguisorba officinalis,sanguisorba_officinalis,Rosaceae,3.85908377064636,3.7051689921572684,0.15391477848909174
loso::sanicula_europaea,Sanicula europaea,sanicula_europaea,Apiaceae,4.12102052112172,3.913074665506949,0.20794585561477064
loso::saponaria_officinalis,Saponaria officinalis,saponaria_officinalis,Caryophyllaceae,4.7597269823564,4.414993143200979,0.34473383915542133
loso::sarracenia_purpurea,Sarracenia purpurea,sarracenia_purpurea,Sarraceniaceae,3.61229033865205,4.316719270340263,-0.7044289316882129
loso::saxifraga_oppositifolia,Saxifraga oppositifolia,saxifraga_oppositifolia,Saxifragaceae,1.51116176215316,3.058782436034697,-1.5476206738815372
loso::saxifraga_rotundifolia,Saxifraga rotundifolia,saxifraga_rotundifolia,Saxifragaceae,2.39402609846691,4.794078280377076,-2.400052181910166
loso::scabiosa_atropurpurea,Scabiosa atropurpurea,scabiosa_atropurpurea,Caprifoliaceae,6.33178931223196,5.6063259739303115,0.7254633383016484
loso::schoenoplectus_lacustris,Schoenoplectus lacustris,schoenoplectus_lacustris,Cyperaceae,4.22576403256355,4.573286234769227,-0.34752220220567676
loso::schoenus_nigricans,Schoenus nigricans,schoenus_nigricans,Cyperaceae,5.0472433503879,5.500932834005877,-0.45368948361797745
loso::scilla_bifolia,Scilla bifolia,scilla_bifolia,Asparagaceae,4.80701489161925,3.8594856440236684,0.9475292475955817
loso::scorzoneroides_autumnalis,Scorzoneroides autumnalis,scorzoneroides_autumnalis,Compositae,3.63940236217555,2.598764550024043,1.0406378121515072
loso::scorzoneroides_helvetica,Scorzoneroides helvetica,scorzoneroides_helvetica,Compositae,1.37565519753497,2.779580036169719,-1.403924838634749
loso::scrophularia_nodosa,Scrophularia nodosa,scrophularia_nodosa,Scrophulariaceae,3.92324685410857,3.978804141176826,-0.055557287068256134
loso::sedum_album,Sedum album,sedum_album,Crassulaceae,4.64733477095821,4.656298844385347,-0.00896407342713701
loso::sedum_tenellum,Sedum tenellum,sedum_tenellum,Crassulaceae,6.10046352437273,1.7719136909090192,4.32854983346371
loso::sempervivum_tectorum,Sempervivum tectorum,sempervivum_tectorum,Crassulaceae,3.60438291674677,3.3416441189532984,0.2627387977934714
loso::senecio_doronicum,Senecio doronicum,senecio_doronicum,Compositae,1.55520982966559,4.304146666328786,-2.748936836663196
loso::senecio_nemorensis,Senecio nemorensis,senecio_nemorensis,Compositae,2.88008743105447,2.4613657331800525,0.4187216978744175
loso::senecio_ovatus,Senecio ovatus,senecio_ovatus,Compositae,3.47043989820258,3.6539362593193507,-0.1834963611167706
loso::senecio_vulgaris,Senecio vulgaris,senecio_vulgaris,Compositae,4.3525369216631304,4.191350759443519,0.1611861622196118
loso::sequoiadendron_giganteum,Sequoiadendron giganteum,sequoiadendron_giganteum,Cupressaceae,6.10748521688787,5.203965336667535,0.903519880220335
loso::serratula_tinctoria,Serratula tinctoria,serratula_tinctoria,Compositae,4.43113244747011,4.71321921988681,-0.2820867724167
loso::setaria_italica,Setaria italica,setaria_italica,Poaceae,6.22339114331025,5.1867320500070715,1.0366590933031787
loso::setaria_parviflora,Setaria parviflora,setaria_parviflora,Poaceae,6.06638742864519,6.871684172095356,-0.8052967434501657
loso::setaria_pumila,Setaria pumila,setaria_pumila,Poaceae,5.61004075128687,6.09393279557028,-0.4838920442834098
loso::sibbaldia_procumbens,Sibbaldia procumbens,sibbaldia_procumbens,Rosaceae,0.887812542717851,2.7686432227289406,-1.8808306800110897
loso::silene_acaulis,Silene acaulis,silene_acaulis,Caryophyllaceae,0.466870443463585,2.2374188733974054,-1.7705484299338203
loso::silene_italica,Silene italica,silene_italica,Caryophyllaceae,3.46668261671214,4.2321343734732215,-0.7654517567610815
loso::silene_nutans,Silene nutans,silene_nutans,Caryophyllaceae,4.16140198639255,3.3121970219185584,0.8492049644739921
loso::silene_viscaria,Silene viscaria,silene_viscaria,Caryophyllaceae,4.4177823481448,3.8335510184566477,0.5842313296881523
loso::silene_vulgaris,Silene vulgaris,silene_vulgaris,Caryophyllaceae,4.30781645974323,3.8286283673484802,0.4791880923947498
loso::solanum_tuberosum,Solanum tuberosum,solanum_tuberosum,Solanaceae,4.83035885091377,3.989365801440249,0.8409930494735209
loso::soldanella_pusilla,Soldanella pusilla,soldanella_pusilla,Primulaceae,1.18176157498005,1.9194677217179053,-0.7377061467378552
loso::solidago_gigantea,Solidago gigantea,solidago_gigantea,Compositae,4.56546094288084,4.1235421277918505,0.44191881508898945
loso::solidago_rugosa,Solidago rugosa,solidago_rugosa,Compositae,4.14059325648029,4.141620461310249,-0.0010272048299588832
loso::solidago_virgaurea,Solidago virgaurea,solidago_virgaurea,Compositae,3.6907543637244,4.235800572423351,-0.5450462086989507
loso::sorbus_aria,Sorbus aria,sorbus_aria,Rosaceae,4.22645085050282,4.066096355275992,0.16035449522682832
loso::sorbus_torminalis,Sorbus torminalis,sorbus_torminalis,Rosaceae,5.1500513880497,5.071613151692487,0.07843823635721314
loso::sorghum_bicolor,Sorghum bicolor,sorghum_bicolor,Poaceae,6.37537568863711,6.721920130957134,-0.3465444423200239
loso::sorghum_halepense,Sorghum halepense,sorghum_halepense,Poaceae,6.1075058478007,6.162533507828656,-0.05502766002795667
loso::sparganium_emersum,Sparganium emersum,sparganium_emersum,Typhaceae,4.1938431748164,4.851716557392436,-0.6578733825760361
loso::sparganium_erectum,Sparganium erectum,sparganium_erectum,Typhaceae,4.38635470462182,4.088961756493585,0.2973929481282349
loso::spergularia_diandra,Spergularia diandra,spergularia_diandra,Caryophyllaceae,7.1586476930662,5.940065167226651,1.2185825258395493
loso::sporobolus_vaginiflorus,Sporobolus vaginiflorus,sporobolus_vaginiflorus,Poaceae,6.10169804754545,4.644177382757347,1.4575206647881034
loso::stachys_officinalis,Stachys officinalis,stachys_officinalis,Lamiaceae,4.40898455008865,4.240522550236464,0.16846199985218657
loso::stachys_recta,Stachys recta,stachys_recta,Lamiaceae,4.83284167470785,3.100969928099932,1.7318717466079177
loso::stellaria_graminea,Stellaria graminea,stellaria_graminea,Caryophyllaceae,3.62448190494899,4.305291057832637,-0.6808091528836471
loso::stellaria_neglecta,Stellaria neglecta,stellaria_neglecta,Caryophyllaceae,5.39575738987584,4.595084424147654,0.8006729657281859
loso::stipa_capillata,Stipa capillata,stipa_capillata,Poaceae,5.47849860631411,5.347434569702949,0.1310640366111615
loso::stuckenia_pectinata,Stuckenia pectinata,stuckenia_pectinata,Potamogetonaceae,4.46038833128748,4.5500262892606305,-0.08963795797315033
loso::symphoricarpos_albus,Symphoricarpos albus,symphoricarpos_albus,Caprifoliaceae,4.37543100219078,4.286227552888287,0.08920344930249247
loso::symphyotrichum_laeve,Symphyotrichum laeve,symphyotrichum_laeve,Compositae,5.11837472010544,5.85025469802917,-0.7318799779237297
loso::symphyotrichum_lanceolatum,Symphyotrichum lanceolatum,symphyotrichum_lanceolatum,Compositae,5.10959817587596,4.982431977290439,0.12716619858552125
loso::symphytum_tuberosum,Symphytum tuberosum,symphytum_tuberosum,Boraginaceae,4.39182768638692,3.772153396575923,0.6196742898109968
loso::tanacetum_corymbosum,Tanacetum corymbosum,tanacetum_corymbosum,Compositae,4.95850819345856,2.824494995557556,2.1340131979010044
loso::tanacetum_parthenium,Tanacetum parthenium,tanacetum_parthenium,Compositae,5.0251337623307,4.6137976158751774,0.41133614645552274
loso::tanacetum_vulgare,Tanacetum vulgare,tanacetum_vulgare,Compositae,4.31564198509323,4.808002953521916,-0.4923609684286854
loso::taxodium_distichum,Taxodium distichum,taxodium_distichum,Cupressaceae,4.20533855952987,5.774372630513396,-1.569034070983526
loso::taxus_baccata,Taxus baccata,taxus_baccata,Taxaceae,4.19975304072497,4.981023102263688,-0.7812700615387174
loso::teucrium_montanum,Teucrium montanum,teucrium_montanum,Lamiaceae,4.68003421043749,3.845850068495021,0.8341841419424685
loso::teucrium_scorodonia,Teucrium scorodonia,teucrium_scorodonia,Lamiaceae,4.21842397759888,4.002821674095809,0.2156023035030703
loso::thalictrum_alpinum,Thalictrum alpinum,thalictrum_alpinum,Ranunculaceae,1.49774872643523,2.600721031013885,-1.1029723045786548
loso::thymus_dolomiticus,Thymus dolomiticus,thymus_dolomiticus,Lamiaceae,5.16671418252143,4.150317717904601,1.0163964646168289
loso::thymus_nummularius,Thymus nummularius,thymus_nummularius,Lamiaceae,2.51967478749518,2.514510566280408,0.005164221214772002
loso::tilia_cordata,Tilia cordata,tilia_cordata,Malvaceae,4.31165858715778,4.523581935939141,-0.21192334878136165
loso::tofieldia_pusilla,Tofieldia pusilla,tofieldia_pusilla,Tofieldiaceae,1.06078810864952,3.122541642501507,-2.061753533851987
loso::tolpis_staticifolia,Tolpis staticifolia,tolpis_staticifolia,Compositae,3.10102896115141,2.7944686552917455,0.30656030585966443
loso::torilis_japonica,Torilis japonica,torilis_japonica,Apiaceae,4.52586484389824,4.6616350588201465,-0.13577021492190688
loso::tragopogon_porrifolius,Tragopogon porrifolius,tragopogon_porrifolius,Compositae,5.80563775952012,5.15822927137732,0.6474084881427995
loso::tragopogon_pratensis,Tragopogon pratensis,tragopogon_pratensis,Compositae,4.02075391829559,4.953061959112892,-0.9323080408173023
loso::trapa_natans,Trapa natans,trapa_natans,Lythraceae,5.29740453697989,4.344031481790185,0.9533730551897053
loso::trifolium_alpestre,Trifolium alpestre,trifolium_alpestre,Leguminosae,4.43338917226893,3.0817485469039525,1.3516406253649773
loso::trifolium_badium,Trifolium badium,trifolium_badium,Leguminosae,1.92011780679377,2.791525419914696,-0.8714076131209259
loso::trifolium_hybridum,Trifolium hybridum,trifolium_hybridum,Leguminosae,4.43087199890747,4.605157700911435,-0.17428570200396454
loso::trifolium_medium,Trifolium medium,trifolium_medium,Leguminosae,4.29573046264165,4.1604019650974084,0.1353284975442417
loso::trifolium_montanum,Trifolium montanum,trifolium_montanum,Leguminosae,4.0792448726242,4.24390724242201,-0.16466236979781002
loso::trifolium_pratense,Trifolium pratense,trifolium_pratense,Leguminosae,3.98259046141993,1.6322199558049408,2.350370505614989
loso::tripolium_pannonicum_subsp_tripolium,Tripolium pannonicum subsp. tripolium,tripolium_pannonicum_subsp_tripolium,Compositae,4.88826018447112,2.515851154166704,2.372409030304416
loso::trisetum_flavescens,Trisetum flavescens,trisetum_flavescens,Poaceae,3.83081445780642,4.064813960131681,-0.2339995023252608
loso::trollius_europaeus,Trollius europaeus,trollius_europaeus,Ranunculaceae,2.51768147145113,2.647781386380745,-0.1300999149296147
loso::tsuga_canadensis,Tsuga canadensis,tsuga_canadensis,Pinaceae,4.58695894918527,4.24696806762981,0.33999088155546
loso::tsuga_heterophylla,Tsuga heterophylla,tsuga_heterophylla,Pinaceae,4.28285369564475,3.838601372068604,0.44425232357614597
loso::tussilago_farfara,Tussilago farfara,tussilago_farfara,Compositae,4.02094821271019,3.6656792667039295,0.35526894600626013
loso::typha_angustifolia,Typha angustifolia,typha_angustifolia,Typhaceae,4.84094892634589,4.872538801126742,-0.03158987478085251
loso::typha_latifolia,Typha latifolia,typha_latifolia,Typhaceae,4.48205248258024,4.395343432923386,0.08670904965685455
loso::ulmus_laevis,Ulmus laevis,ulmus_laevis,Ulmaceae,4.45694238692494,4.60870808951336,-0.15176570258842048
loso::ulmus_minor,Ulmus minor,ulmus_minor,Ulmaceae,5.25138170011668,5.156965456637404,0.09441624347927569
loso::umbilicus_rupestris,Umbilicus rupestris,umbilicus_rupestris,Crassulaceae,6.31779427561916,4.0774092918328755,2.240384983786284
loso::vaccinium_myrtillus,Vaccinium myrtillus,vaccinium_myrtillus,Ericaceae,2.90501492266561,3.48941533393789,-0.5844004112722798
loso::valeriana_dioica,Valeriana dioica,valeriana_dioica,Caprifoliaceae,4.08459117567159,3.451844636766056,0.632746538905534
loso::valeriana_officinalis,Valeriana officinalis,valeriana_officinalis,Caprifoliaceae,4.10366169295644,3.810127337132512,0.2935343558239274
loso::verbascum_lychnitis,Verbascum lychnitis,verbascum_lychnitis,Scrophulariaceae,4.52397517852035,4.754611859719304,-0.23063668119895464
loso::verbascum_thapsus,Verbascum thapsus,verbascum_thapsus,Scrophulariaceae,4.49651191335833,4.112516844844492,0.3839950685138378
loso::veronica_beccabunga,Veronica beccabunga,veronica_beccabunga,Plantaginaceae,4.1160222863046,4.10581448205596,0.01020780424863954
loso::veronica_chamaedrys,Veronica chamaedrys,veronica_chamaedrys,Plantaginaceae,3.73627345676712,3.8223762766572515,-0.08610281989013169
loso::veronica_filiformis,Veronica filiformis,veronica_filiformis,Plantaginaceae,4.49909771717142,4.092588314141752,0.4065094030296681
loso::veronica_hederifolia,Veronica hederifolia,veronica_hederifolia,Plantaginaceae,4.70495175131662,4.448394142877803,0.2565576084388166
loso::veronica_montana,Veronica montana,veronica_montana,Plantaginaceae,3.95273037997981,4.017847817986988,-0.06511743800717795
loso::veronica_persica,Veronica persica,veronica_persica,Plantaginaceae,4.65045321061107,5.751323658839033,-1.1008704482279636
loso::veronica_urticifolia,Veronica urticifolia,veronica_urticifolia,Plantaginaceae,3.19616792853615,4.5455857802115185,-1.3494178516753683
loso::vicia_cracca,Vicia cracca,vicia_cracca,Leguminosae,4.31935591954838,4.20155578657525,0.11780013297313019
loso::vicia_sativa,Vicia sativa,vicia_sativa,Leguminosae,4.96422830042393,4.636067861989273,0.32816043843465703
loso::vinca_minor,Vinca minor,vinca_minor,Apocynaceae,4.64383628045477,5.492356943885559,-0.8485206634307891
loso::viola_alba,Viola alba,viola_alba,Violaceae,5.59009338752595,4.1840709103340386,1.4060224771919119
loso::viola_mirabilis,Viola mirabilis,viola_mirabilis,Violaceae,4.09648884982017,4.127874173380016,-0.03138532355984669
loso::viola_odorata,Viola odorata,viola_odorata,Violaceae,4.74873029675139,4.474435992976111,0.27429430377527897
loso::viola_reichenbachiana,Viola reichenbachiana,viola_reichenbachiana,Violaceae,4.22035518658245,4.607246990160469,-0.38689180357801956
loso::viola_riviniana,Viola riviniana,viola_riviniana,Violaceae,4.10672703668146,4.4858376867518555,-0.37911065007039557
loso::viola_tricolor,Viola tricolor,viola_tricolor,Violaceae,3.63138299946496,4.214811773540351,-0.583428774075391
loso::xanthium_strumarium,Xanthium strumarium,xanthium_strumarium,Compositae,5.38281100063916,5.917523058446089,-0.5347120578069289
loso::zea_mays,Zea mays,zea_mays,Poaceae,6.38628066856585,5.631349559205081,0.7549311093607693
loso::ziziphus_jujuba,Ziziphus jujuba,ziziphus_jujuba,Rhamnaceae,6.68950732045296,5.947844086734039,0.7416632337189206
